version,number_of_structures,param_index
0,26,0
0,51,1
0,14,10
0,11,100
0,81,1000
0,48,1001
0,40,1002
0,50,1003
0,36,1004
0,54,1005
0,31,1006
0,75,1007
0,3,1008
0,42,1009
0,10,101
0,26,1010
0,20,1011
0,33,1012
0,1,1013
0,33,1014
0,43,1015
0,18,1016
0,48,1017
0,80,1018
0,34,1019
0,72,102
0,15,1020
0,15,1021
0,12,1022
0,3,1023
0,37,1024
0,35,1025
0,34,1026
0,25,1027
0,140,1028
0,5,1029
0,79,103
0,108,1030
0,68,1032
0,5,1033
0,40,1034
0,10,1035
0,121,1036
0,19,1037
0,19,1038
0,1,1039
0,21,104
0,24,1040
0,15,1041
0,11,1042
0,14,1043
0,29,1044
0,35,1045
0,88,1046
0,66,1047
0,52,1048
0,5,1049
0,26,105
0,42,1050
0,29,1051
0,46,1052
0,74,1053
0,42,1054
0,25,1055
0,12,1056
0,2,1057
0,61,1058
0,50,1059
0,48,106
0,56,1060
0,2,1061
0,24,1062
0,96,1063
0,47,1064
0,30,1065
0,6,1066
0,40,1067
0,49,1068
0,82,1069
0,15,107
0,21,1070
0,25,1071
0,15,1072
0,14,1073
0,10,1074
0,9,1075
0,64,1076
0,84,1077
0,37,1078
0,49,1079
0,76,108
0,59,1080
0,2,1081
0,157,1082
0,9,1083
0,61,1084
0,32,1085
0,51,1086
0,26,1087
0,66,1088
0,3,1089
0,4,109
0,34,1091
0,79,1092
0,26,1093
0,20,1094
0,98,1095
0,21,1096
0,38,1097
0,11,1098
0,42,1099
0,1,11
0,91,110
0,22,1100
0,52,1101
0,14,1102
0,37,1103
0,39,1104
0,4,1105
0,18,1106
0,25,1108
0,29,1109
0,81,111
0,2,1110
0,36,1111
0,7,1112
0,9,1113
0,41,1114
0,5,1115
0,15,1116
0,25,1117
0,17,1118
0,32,1119
0,25,112
0,47,1120
0,5,1121
0,101,1122
0,11,1123
0,109,1124
0,34,1125
0,28,1126
0,52,1127
0,162,1128
0,29,1129
0,11,113
0,31,1130
0,30,1131
0,2,1132
0,82,1133
0,112,1134
0,42,1135
0,10,1136
0,35,1137
0,11,1138
0,69,1139
0,19,114
0,11,1140
0,35,1141
0,27,1142
0,6,1143
0,25,1144
0,38,1145
0,62,1146
0,18,1147
0,34,1148
0,16,1149
0,13,115
0,44,1150
0,36,1151
0,39,1152
0,19,1153
0,50,1154
0,77,1155
0,24,1156
0,16,1157
0,80,1158
0,24,1159
0,1,116
0,49,1160
0,10,1161
0,79,1162
0,53,1164
0,93,1165
0,111,1166
0,25,1167
0,52,1168
0,24,1169
0,1,117
0,30,1170
0,64,1172
0,11,1173
0,43,1174
0,4,1175
0,3,1176
0,36,1177
0,91,1178
0,30,1179
0,95,118
0,53,1180
0,35,1181
0,37,1182
0,81,1183
0,21,1184
0,44,1185
0,7,1186
0,22,1187
0,14,1188
0,24,1189
0,39,119
0,22,1190
0,31,1191
0,33,1192
0,29,1193
0,57,1194
0,144,1195
0,26,1196
0,1,1197
0,25,1198
0,45,12
0,12,120
0,13,1201
0,74,1202
0,7,1203
0,36,1204
0,60,1205
0,29,1206
0,32,1207
0,100,1208
0,48,1209
0,10,121
0,15,1210
0,13,1211
0,63,1212
0,101,1213
0,28,1214
0,18,1215
0,74,1216
0,33,1217
0,38,1218
0,35,1219
0,42,122
0,7,1220
0,55,1221
0,18,1222
0,75,1223
0,22,1224
0,68,1225
0,83,1226
0,5,1227
0,31,1228
0,9,1229
0,47,123
0,39,1230
0,9,1231
0,71,1232
0,38,1233
0,44,1234
0,36,1235
0,34,1236
0,24,1237
0,28,1238
0,17,1239
0,3,124
0,70,1240
0,69,1241
0,30,1242
0,77,1243
0,12,1244
0,17,1245
0,15,1246
0,43,1247
0,107,1248
0,39,1249
0,44,125
0,53,1250
0,25,1251
0,16,1252
0,38,1253
0,19,1254
0,70,1255
0,2,1256
0,22,1257
0,8,1258
0,78,1259
0,1,126
0,33,1260
0,18,1261
0,11,1262
0,12,1263
0,24,1264
0,2,1265
0,34,1266
0,105,1267
0,85,1268
0,9,127
0,55,1270
0,35,1271
0,4,1272
0,40,1273
0,1,1274
0,30,1275
0,52,1276
0,50,1277
0,4,1278
0,15,1279
0,8,128
0,12,1280
0,77,1281
0,20,1282
0,81,1283
0,50,1284
0,35,1285
0,3,1286
0,23,1288
0,10,1289
0,7,129
0,56,1290
0,26,1291
0,65,1292
0,69,1293
0,40,1294
0,25,1295
0,57,1296
0,31,1297
0,8,1298
0,17,1299
0,43,13
0,18,130
0,20,1300
0,8,1301
0,45,1302
0,36,1303
0,78,1304
0,14,1305
0,40,1306
0,12,1307
0,4,1308
0,25,1309
0,1,131
0,1,1310
0,19,1311
0,19,1312
0,3,1314
0,37,1316
0,17,1317
0,29,1318
0,28,1319
0,33,132
0,90,1320
0,72,1321
0,33,1322
0,68,1323
0,50,1324
0,87,1325
0,48,1326
0,41,1327
0,6,1328
0,1,133
0,16,1330
0,46,1331
0,77,1332
0,14,1333
0,1,1334
0,25,1335
0,68,1336
0,4,1337
0,6,1338
0,9,1339
0,33,134
0,1,1340
0,37,1341
0,6,1342
0,79,1343
0,2,1344
0,35,1345
0,26,1346
0,10,1347
0,41,1348
0,92,1349
0,55,135
0,71,1350
0,28,1351
0,32,1352
0,44,1353
0,15,1354
0,16,1355
0,36,1356
0,25,1357
0,28,1358
0,69,1359
0,44,136
0,31,1360
0,2,1361
0,102,1362
0,25,1363
0,43,1364
0,41,1365
0,6,1366
0,82,1367
0,17,1368
0,23,1369
0,1,137
0,2,1371
0,12,1372
0,5,1373
0,2,1374
0,20,1375
0,48,1376
0,48,1377
0,17,1378
0,73,1379
0,20,138
0,38,1380
0,77,1382
0,132,1383
0,24,1386
0,101,1387
0,9,1388
0,1,1389
0,34,139
0,1,1390
0,99,1391
0,37,1392
0,43,1393
0,16,1394
0,2,1395
0,3,1396
0,2,1397
0,50,1398
0,20,1399
0,34,14
0,2,140
0,96,1400
0,58,1401
0,43,1402
0,7,1403
0,3,1404
0,100,1405
0,53,1406
0,71,1407
0,22,1409
0,15,141
0,88,1410
0,21,1411
0,82,1412
0,57,1413
0,24,1414
0,1,1415
0,24,1416
0,28,1417
0,6,1418
0,15,1419
0,8,142
0,57,1420
0,4,1421
0,25,1422
0,14,1423
0,43,1424
0,45,1425
0,85,1426
0,56,1427
0,5,1428
0,8,1429
0,111,143
0,46,1430
0,2,1431
0,82,1432
0,43,1433
0,32,1434
0,57,1436
0,33,1437
0,30,1438
0,49,1439
0,54,144
0,40,1440
0,1,1441
0,15,1442
0,32,1443
0,32,1444
0,3,1445
0,39,1446
0,10,1447
0,45,1448
0,5,1449
0,35,145
0,4,1450
0,24,1451
0,94,1452
0,64,1453
0,14,1454
0,6,1455
0,9,1456
0,63,1457
0,125,1458
0,8,1459
0,38,146
0,21,1460
0,15,1461
0,5,1462
0,20,1463
0,81,1464
0,2,1465
0,9,1466
0,48,1467
0,34,1468
0,42,1469
0,4,147
0,12,1470
0,98,1471
0,18,1472
0,43,1473
0,51,1474
0,128,1475
0,96,1476
0,29,1477
0,13,1478
0,85,1479
0,34,148
0,109,1480
0,69,1481
0,51,1482
0,6,1485
0,12,1486
0,36,1487
0,41,1488
0,3,1489
0,14,149
0,19,1490
0,68,1491
0,25,1492
0,97,1493
0,29,1494
0,26,1495
0,42,1496
0,55,1497
0,38,1498
0,37,1499
0,26,15
0,47,150
0,16,1500
0,108,1501
0,8,1502
0,59,1503
0,51,1504
0,14,1505
0,37,1506
0,39,1507
0,53,1508
0,8,1509
0,89,151
0,52,1510
0,1,1511
0,64,1512
0,14,1513
0,2,1514
0,18,1515
0,28,1516
0,13,1517
0,95,1518
0,67,1519
0,53,152
0,92,1520
0,85,1521
0,79,1522
0,39,1524
0,47,1525
0,45,1526
0,8,1527
0,33,1528
0,20,1529
0,32,153
0,41,1530
0,73,1531
0,16,1532
0,40,1533
0,10,1534
0,35,1535
0,124,1536
0,38,1537
0,16,1538
0,28,1539
0,18,154
0,13,1540
0,36,1541
0,139,1542
0,8,1543
0,53,1544
0,26,1545
0,48,1546
0,16,1547
0,31,1548
0,57,1549
0,57,155
0,8,1550
0,47,1551
0,50,1552
0,21,1553
0,8,1554
0,59,1555
0,56,1557
0,33,1558
0,13,1559
0,3,156
0,85,1560
0,24,1561
0,16,1562
0,12,1563
0,21,1564
0,17,1565
0,61,1566
0,45,1567
0,33,1568
0,27,1569
0,38,157
0,4,1570
0,32,1571
0,66,1572
0,21,1573
0,3,1574
0,49,1575
0,25,1576
0,17,1577
0,30,1578
0,21,1579
0,7,158
0,9,1580
0,42,1581
0,30,1582
0,24,1583
0,50,1584
0,28,1585
0,65,1586
0,14,1587
0,13,1588
0,41,1589
0,40,159
0,41,1590
0,30,1591
0,40,1592
0,64,1593
0,14,1594
0,80,1595
0,2,1596
0,47,1597
0,15,1598
0,23,1599
0,1,16
0,29,160
0,36,1600
0,10,1601
0,31,1602
0,34,1603
0,9,1604
0,2,1605
0,29,1606
0,3,1607
0,32,1608
0,19,1609
0,16,161
0,84,1610
0,16,1611
0,78,1612
0,23,1613
0,26,1614
0,2,1615
0,33,1616
0,10,1617
0,36,1618
0,33,1619
0,74,162
0,12,1620
0,96,1621
0,107,1622
0,11,1623
0,9,1624
0,1,1625
0,5,1626
0,49,1627
0,36,1628
0,12,1629
0,43,163
0,22,1630
0,50,1631
0,133,1632
0,14,1633
0,78,1634
0,33,1635
0,76,1636
0,41,1637
0,70,1638
0,44,1639
0,5,164
0,61,1640
0,4,1641
0,24,1642
0,74,1643
0,2,1644
0,25,1645
0,16,1646
0,1,1647
0,34,1648
0,47,1649
0,19,165
0,5,1650
0,1,1651
0,40,1652
0,94,1653
0,45,1654
0,81,1655
0,67,1656
0,39,1657
0,49,1658
0,8,1659
0,34,166
0,27,1660
0,50,1661
0,5,1662
0,54,1663
0,16,1664
0,15,1665
0,28,1666
0,9,1667
0,78,1668
0,49,1669
0,29,167
0,13,1670
0,22,1671
0,31,1672
0,163,1673
0,48,1674
0,13,1675
0,14,1676
0,51,1677
0,55,1678
0,9,1679
0,27,168
0,14,1680
0,49,1681
0,40,1682
0,106,1683
0,62,1684
0,48,1685
0,43,1686
0,5,1687
0,30,1689
0,41,169
0,79,1690
0,4,1691
0,46,1692
0,5,1693
0,12,1694
0,26,1695
0,24,1696
0,42,1697
0,21,1698
0,1,1699
0,13,17
0,1,170
0,16,1700
0,49,1701
0,55,1702
0,20,1703
0,22,1704
0,21,1705
0,1,1706
0,59,1707
0,17,1708
0,73,1709
0,86,171
0,25,1710
0,67,1711
0,11,1712
0,1,1713
0,47,1714
0,48,1715
0,5,1716
0,11,1718
0,67,1719
0,42,172
0,15,1720
0,13,1721
0,27,1722
0,92,1723
0,31,1724
0,25,1725
0,74,1726
0,46,1727
0,139,1728
0,67,1729
0,3,173
0,29,1730
0,6,1731
0,9,1732
0,34,1733
0,34,1735
0,8,1736
0,31,1737
0,55,1739
0,9,1740
0,25,1741
0,25,1742
0,74,1743
0,17,1744
0,49,1745
0,83,1746
0,66,1747
0,7,1748
0,29,1749
0,68,175
0,71,1750
0,37,1751
0,26,1752
0,17,1753
0,28,1754
0,34,1755
0,107,1756
0,22,1757
0,25,1758
0,3,1759
0,50,176
0,24,1760
0,38,1761
0,111,1762
0,23,1763
0,11,1764
0,46,1765
0,23,1766
0,106,1767
0,30,1768
0,39,1769
0,27,177
0,12,1770
0,65,1771
0,50,1773
0,35,1774
0,9,1775
0,25,1776
0,1,1777
0,25,1778
0,69,1779
0,35,178
0,88,1780
0,44,1781
0,25,1782
0,1,1783
0,9,1784
0,32,1785
0,9,1786
0,40,1787
0,7,1788
0,34,1789
0,2,179
0,71,1790
0,42,1791
0,23,1792
0,32,1793
0,88,1794
0,46,1795
0,15,1796
0,49,1797
0,51,1798
0,27,1799
0,57,18
0,47,180
0,55,1800
0,62,1801
0,70,1802
0,62,1803
0,15,1804
0,29,1805
0,42,1806
0,23,1807
0,23,1808
0,14,1809
0,44,181
0,110,1810
0,21,1811
0,29,1812
0,12,1813
0,105,1814
0,82,1815
0,42,1816
0,27,1817
0,2,1818
0,78,1819
0,15,182
0,24,1820
0,15,1821
0,80,1822
0,19,1823
0,35,1824
0,20,1825
0,53,1826
0,26,1827
0,48,1829
0,33,183
0,47,1830
0,93,1831
0,6,1832
0,7,1833
0,44,1834
0,22,1835
0,24,1836
0,12,1837
0,10,1838
0,37,1839
0,16,184
0,34,1840
0,37,1841
0,21,1843
0,38,1844
0,15,1845
0,29,1846
0,56,1847
0,82,1848
0,74,1849
0,75,185
0,27,1850
0,77,1851
0,29,1852
0,9,1853
0,43,1854
0,30,1855
0,60,1856
0,124,1857
0,3,1858
0,3,1859
0,9,186
0,53,1860
0,2,1861
0,22,1862
0,5,1863
0,49,1864
0,72,1865
0,8,1866
0,104,1867
0,37,1868
0,34,1869
0,49,187
0,100,1870
0,6,1871
0,51,1872
0,75,1873
0,43,1874
0,17,1875
0,26,1876
0,27,1877
0,41,1878
0,184,1879
0,34,188
0,14,1880
0,1,1881
0,38,1882
0,62,1883
0,1,1884
0,16,1885
0,30,1886
0,39,1887
0,1,1888
0,80,1889
0,36,189
0,18,1890
0,14,1891
0,12,1892
0,37,1893
0,130,1894
0,48,1895
0,5,1896
0,4,1897
0,6,1898
0,3,1899
0,1,19
0,51,190
0,49,1900
0,46,1901
0,26,1902
0,17,1903
0,23,1904
0,68,1905
0,42,1906
0,72,1907
0,27,1908
0,119,191
0,46,1910
0,67,1911
0,1,1912
0,21,1913
0,48,1914
0,23,1915
0,35,1916
0,10,1917
0,8,1918
0,76,1919
0,38,192
0,35,1920
0,70,1921
0,48,1922
0,31,1923
0,13,1924
0,45,1925
0,45,1926
0,21,1927
0,14,1928
0,37,1929
0,40,193
0,28,1930
0,32,1931
0,4,1932
0,2,1933
0,36,1934
0,12,1935
0,23,1936
0,27,1937
0,64,1939
0,18,194
0,39,1940
0,15,1941
0,6,1942
0,24,1943
0,8,1944
0,43,1945
0,71,1946
0,5,1947
0,79,1948
0,25,1949
0,5,195
0,28,1950
0,36,1951
0,13,1952
0,47,1953
0,6,1954
0,55,1955
0,16,1956
0,7,1957
0,106,1958
0,54,1959
0,44,196
0,65,1960
0,3,1961
0,47,1962
0,27,1963
0,56,1964
0,23,1965
0,33,1966
0,30,1967
0,7,1968
0,24,1969
0,6,197
0,65,1970
0,138,1971
0,10,1972
0,8,1974
0,11,1975
0,48,1976
0,22,1977
0,48,1978
0,64,1979
0,35,198
0,30,1980
0,31,1981
0,26,1982
0,70,1983
0,46,1984
0,3,1985
0,49,1986
0,4,1987
0,51,1988
0,43,199
0,4,1990
0,34,1991
0,25,1992
0,34,1993
0,7,1994
0,97,1995
0,30,1996
0,8,1997
0,1,1998
0,50,1999
0,5,2
0,34,20
0,45,200
0,26,2000
0,39,2001
0,58,2002
0,61,2003
0,50,2004
0,45,2005
0,31,2006
0,8,2007
0,18,2008
0,1,2009
0,58,201
0,48,2010
0,27,2011
0,19,2012
0,33,2013
0,6,2014
0,12,2015
0,24,2016
0,51,2017
0,38,2018
0,55,2019
0,58,202
0,22,2020
0,2,2021
0,36,2022
0,2,2023
0,14,2024
0,21,2025
0,91,2026
0,75,2027
0,36,2028
0,12,2029
0,70,203
0,29,2030
0,15,2031
0,63,2032
0,32,2033
0,10,2034
0,55,2035
0,9,2036
0,12,2037
0,76,2038
0,29,2039
0,19,204
0,89,2040
0,2,2041
0,9,2042
0,18,2043
0,45,2044
0,14,2045
0,68,2046
0,29,2047
0,65,2048
0,10,2049
0,3,205
0,7,2051
0,28,2052
0,27,2053
0,37,2054
0,28,2055
0,63,2056
0,54,2057
0,40,2058
0,52,2059
0,47,206
0,31,2060
0,20,2061
0,20,2062
0,13,2063
0,149,2064
0,18,2065
0,25,2066
0,37,2067
0,85,2068
0,23,2069
0,112,207
0,25,2070
0,23,2071
0,8,2072
0,139,2073
0,25,2074
0,46,2075
0,9,2076
0,30,2077
0,62,2078
0,84,2079
0,32,208
0,48,2080
0,23,2081
0,3,2082
0,54,2083
0,5,2084
0,12,2085
0,33,2086
0,24,2087
0,41,2088
0,18,2089
0,20,209
0,45,2090
0,97,2091
0,85,2092
0,93,2093
0,50,2094
0,62,2095
0,20,2096
0,26,2097
0,17,2098
0,32,2099
0,28,21
0,65,210
0,19,2100
0,38,2101
0,123,2102
0,31,2103
0,18,2104
0,55,2105
0,74,2106
0,2,2107
0,51,2108
0,30,2109
0,22,211
0,12,2110
0,18,2111
0,1,2112
0,40,2113
0,4,2114
0,41,2115
0,56,2116
0,54,2117
0,9,2118
0,26,2119
0,15,212
0,6,2120
0,2,2121
0,18,2122
0,32,2123
0,13,2124
0,17,2125
0,10,2126
0,70,2127
0,64,2128
0,44,2129
0,45,213
0,2,2130
0,26,2131
0,89,2132
0,3,2133
0,91,2134
0,110,2135
0,53,2136
0,26,2137
0,47,2138
0,25,2139
0,101,214
0,11,2140
0,15,2141
0,66,2142
0,26,2143
0,58,2144
0,32,2145
0,2,2146
0,82,2147
0,10,2148
0,27,2149
0,5,215
0,41,2150
0,16,2151
0,29,2152
0,29,2153
0,3,2155
0,9,2156
0,38,2157
0,60,2158
0,31,2159
0,104,216
0,7,2160
0,65,2161
0,99,2162
0,15,2164
0,61,2165
0,2,2166
0,47,2167
0,52,2168
0,56,2169
0,33,217
0,1,2171
0,51,2172
0,31,2174
0,2,2175
0,69,2176
0,22,2177
0,32,2178
0,43,2179
0,28,218
0,52,2180
0,44,2181
0,108,2182
0,19,2183
0,119,2184
0,40,2185
0,29,2186
0,30,2187
0,26,2188
0,3,219
0,50,2190
0,70,2191
0,85,2192
0,3,2193
0,7,2194
0,73,2195
0,76,2196
0,71,2197
0,38,2198
0,24,2199
0,41,22
0,13,220
0,5,2200
0,25,2201
0,14,2203
0,77,2204
0,92,2205
0,67,2206
0,40,2207
0,39,2208
0,48,2209
0,16,221
0,13,2210
0,57,2211
0,50,2212
0,42,2213
0,51,2214
0,70,2215
0,25,2216
0,16,2217
0,43,2218
0,111,2219
0,24,222
0,11,2220
0,20,2221
0,16,2222
0,13,2223
0,63,2224
0,9,2225
0,27,2226
0,37,2227
0,65,2228
0,20,2229
0,25,223
0,24,2230
0,65,2231
0,18,2232
0,90,2233
0,16,2234
0,19,2235
0,55,2236
0,8,2237
0,3,2238
0,1,2239
0,17,224
0,20,2240
0,74,2241
0,14,2242
0,60,2243
0,23,2244
0,51,2245
0,16,2246
0,9,2247
0,66,2248
0,70,2249
0,18,225
0,16,2251
0,31,2252
0,24,2253
0,36,2254
0,72,2255
0,48,2258
0,50,2259
0,46,226
0,22,2260
0,20,2261
0,5,2262
0,52,2263
0,42,2265
0,44,2266
0,3,2267
0,16,2268
0,37,2269
0,12,227
0,40,2270
0,13,2271
0,25,2272
0,63,2273
0,25,2274
0,49,2275
0,61,2276
0,23,2278
0,50,2279
0,51,2280
0,26,2281
0,19,2282
0,4,2283
0,25,2284
0,20,2285
0,8,2286
0,98,2287
0,49,2288
0,33,2289
0,36,229
0,61,2290
0,14,2291
0,10,2292
0,89,2293
0,12,2294
0,11,2295
0,6,2296
0,74,2297
0,78,2298
0,4,2299
0,33,23
0,35,230
0,59,2300
0,17,2301
0,83,2302
0,24,2303
0,60,2304
0,37,2305
0,25,2306
0,63,2307
0,40,2308
0,17,2309
0,20,231
0,11,2310
0,25,2311
0,60,2312
0,96,2313
0,29,2314
0,8,2315
0,7,2316
0,22,2317
0,37,2318
0,26,2319
0,65,232
0,32,2320
0,48,2321
0,15,2322
0,21,2323
0,30,2324
0,67,2325
0,30,2326
0,44,2327
0,69,2328
0,56,2329
0,62,233
0,8,2330
0,17,2331
0,51,2332
0,32,2333
0,33,2334
0,21,2335
0,50,2336
0,9,2337
0,14,2338
0,9,2339
0,84,234
0,21,2340
0,16,2341
0,18,2342
0,51,2343
0,2,2344
0,14,2345
0,44,2346
0,65,2347
0,30,2348
0,23,2349
0,23,235
0,36,2350
0,44,2351
0,18,2352
0,50,2353
0,6,2354
0,29,2355
0,19,2356
0,44,2357
0,54,2358
0,33,2359
0,48,236
0,106,2360
0,5,2361
0,12,2362
0,75,2363
0,12,2364
0,36,2365
0,4,2366
0,8,2367
0,101,2368
0,92,2369
0,69,237
0,28,2370
0,36,2371
0,93,2372
0,40,2373
0,52,2374
0,46,2375
0,7,2376
0,9,2377
0,2,2378
0,41,2379
0,36,238
0,1,2380
0,25,2381
0,18,2382
0,25,2383
0,49,2384
0,45,2385
0,51,2386
0,6,2387
0,12,2388
0,1,2389
0,17,239
0,41,2390
0,12,2391
0,80,2392
0,4,2393
0,10,2394
0,9,2395
0,17,2396
0,60,2397
0,61,2398
0,113,2399
0,4,24
0,36,240
0,24,2400
0,15,2401
0,11,2402
0,5,2403
0,1,2404
0,29,2405
0,42,2406
0,2,2407
0,19,2408
0,19,2409
0,109,241
0,41,2410
0,38,2411
0,18,2412
0,13,2413
0,152,2414
0,31,2415
0,95,2416
0,10,2417
0,42,2418
0,13,2419
0,4,242
0,86,2420
0,76,2421
0,26,2422
0,3,2423
0,20,2424
0,18,2425
0,19,2426
0,17,2427
0,61,2428
0,72,2429
0,35,243
0,18,2430
0,8,2431
0,60,2432
0,21,2433
0,6,2434
0,56,2435
0,18,2436
0,18,2437
0,13,2438
0,14,2439
0,8,244
0,27,2440
0,19,2441
0,47,2442
0,52,2443
0,53,2444
0,11,2445
0,35,2446
0,46,2447
0,2,2448
0,17,2449
0,63,245
0,54,2450
0,53,2451
0,27,2452
0,80,2454
0,103,2455
0,22,2456
0,100,2457
0,21,2458
0,75,2459
0,24,246
0,9,2460
0,56,2461
0,54,2462
0,71,2463
0,1,2464
0,59,2465
0,41,2466
0,19,2467
0,28,2468
0,7,2469
0,26,247
0,24,2470
0,35,2471
0,114,2472
0,21,2473
0,5,2474
0,1,2475
0,30,2476
0,8,2477
0,15,2478
0,30,2479
0,59,248
0,85,2480
0,60,2481
0,10,2482
0,43,2483
0,23,2484
0,123,2485
0,6,2486
0,17,2487
0,15,2488
0,43,2489
0,45,249
0,40,2490
0,132,2491
0,125,2492
0,30,2494
0,20,2495
0,48,2496
0,44,2497
0,29,2498
0,130,2499
0,24,25
0,100,250
0,22,2500
0,66,2501
0,69,2502
0,62,2503
0,13,2504
0,37,2505
0,1,2506
0,64,2507
0,11,2508
0,22,2509
0,21,251
0,15,2510
0,10,2511
0,23,2512
0,32,2513
0,2,2514
0,128,2515
0,11,2516
0,74,2517
0,28,2518
0,57,2519
0,31,252
0,29,2520
0,40,2521
0,26,2522
0,11,2523
0,21,2524
0,58,2525
0,30,2527
0,33,2528
0,34,2529
0,21,253
0,58,2530
0,19,2531
0,80,2532
0,4,2533
0,138,2534
0,38,2535
0,11,2536
0,2,2537
0,19,2538
0,5,2539
0,63,254
0,51,2540
0,10,2541
0,100,2542
0,30,2543
0,16,2544
0,37,2545
0,12,2546
0,40,2547
0,6,2548
0,72,2549
0,23,255
0,31,2550
0,20,2551
0,60,2552
0,28,2553
0,9,2554
0,125,2555
0,55,2556
0,52,2557
0,37,2558
0,103,2559
0,98,256
0,2,2560
0,13,2561
0,52,2562
0,24,2563
0,36,2565
0,115,2566
0,23,2567
0,29,2568
0,48,2569
0,4,257
0,109,2570
0,44,2571
0,1,2573
0,2,2574
0,7,2575
0,41,2576
0,50,2577
0,28,2578
0,43,2579
0,27,258
0,17,2580
0,12,2581
0,33,2582
0,3,2583
0,14,2584
0,32,2585
0,8,2586
0,1,2587
0,41,2588
0,3,2589
0,36,259
0,6,2590
0,86,2591
0,42,2594
0,5,2595
0,33,2596
0,52,2597
0,14,2598
0,61,2599
0,140,26
0,8,260
0,31,2600
0,41,2601
0,72,2602
0,26,2603
0,32,2604
0,8,2605
0,27,2606
0,17,2607
0,159,2608
0,14,2609
0,18,261
0,5,2610
0,50,2611
0,52,2612
0,118,2613
0,42,2614
0,22,2615
0,37,2616
0,23,2617
0,19,2618
0,34,2619
0,44,262
0,72,2620
0,8,2621
0,128,2622
0,43,2623
0,27,2624
0,35,2625
0,4,2626
0,42,2627
0,60,2628
0,31,2629
0,38,263
0,15,2630
0,136,2631
0,1,2632
0,18,2633
0,13,2634
0,1,2635
0,39,2636
0,26,2637
0,24,2638
0,23,2639
0,5,264
0,9,2640
0,6,2641
0,2,2642
0,40,2643
0,50,2644
0,26,2645
0,5,2646
0,12,2647
0,34,2648
0,46,2649
0,48,265
0,16,2650
0,136,2651
0,27,2652
0,130,2653
0,71,2654
0,2,2655
0,37,2656
0,24,2657
0,3,2658
0,63,2659
0,136,266
0,17,2660
0,19,2661
0,13,2662
0,68,2663
0,33,2664
0,27,2665
0,20,2666
0,15,2667
0,65,2668
0,33,2669
0,33,267
0,20,2670
0,19,2671
0,90,2672
0,23,2673
0,24,2674
0,8,2675
0,63,2676
0,18,2677
0,98,2678
0,60,2679
0,53,268
0,6,2680
0,37,2681
0,56,2682
0,6,2683
0,94,2684
0,3,2685
0,11,2686
0,30,2687
0,11,2688
0,44,2689
0,114,269
0,6,2690
0,41,2691
0,74,2692
0,28,2693
0,17,2694
0,89,2695
0,58,2696
0,5,2697
0,7,2698
0,27,2699
0,22,27
0,99,270
0,54,2700
0,4,2701
0,143,2702
0,1,2703
0,28,2704
0,95,2705
0,4,2706
0,70,2707
0,44,2708
0,2,2709
0,34,271
0,20,2710
0,5,2711
0,11,2712
0,88,2713
0,46,2714
0,46,2715
0,62,2716
0,24,2717
0,41,2718
0,55,2719
0,16,272
0,88,2720
0,21,2721
0,87,2722
0,46,2723
0,55,2724
0,34,2725
0,18,2726
0,1,2727
0,75,2728
0,16,2729
0,12,273
0,8,2730
0,8,2731
0,26,2732
0,10,2733
0,75,2734
0,50,2735
0,88,2736
0,6,2737
0,14,2738
0,27,2739
0,10,274
0,26,2740
0,12,2741
0,15,2742
0,50,2743
0,22,2744
0,2,2745
0,58,2746
0,42,2747
0,51,2748
0,44,2749
0,11,275
0,67,2750
0,24,2752
0,9,2753
0,26,2754
0,42,2755
0,5,2756
0,75,2757
0,25,2758
0,11,2759
0,41,276
0,30,2760
0,77,2761
0,29,2762
0,9,2763
0,8,2764
0,63,2765
0,4,2766
0,34,2767
0,27,2768
0,4,2769
0,9,277
0,9,2770
0,20,2771
0,55,2772
0,23,2773
0,61,2774
0,39,2775
0,7,2776
0,29,2777
0,94,2778
0,31,2779
0,16,278
0,22,2780
0,33,2781
0,16,2782
0,51,2783
0,18,2784
0,49,2785
0,14,2786
0,19,2787
0,17,2788
0,86,2789
0,5,279
0,7,2790
0,36,2791
0,7,2792
0,82,2793
0,52,2794
0,29,2795
0,22,2796
0,69,2797
0,32,2798
0,25,2799
0,34,28
0,42,280
0,73,2800
0,2,2801
0,27,2802
0,41,2803
0,19,2804
0,14,2805
0,1,2806
0,51,2807
0,89,2808
0,7,2809
0,22,281
0,52,2810
0,48,2811
0,36,2813
0,42,2814
0,36,2815
0,74,2816
0,5,2817
0,31,2818
0,10,2819
0,32,282
0,32,2820
0,26,2821
0,6,2822
0,24,2823
0,26,2825
0,87,2827
0,8,2828
0,65,2829
0,98,283
0,29,2830
0,30,2831
0,50,2832
0,26,2833
0,13,2834
0,24,2835
0,8,2836
0,27,2837
0,77,2838
0,28,2839
0,21,284
0,43,2840
0,43,2841
0,76,2842
0,17,2844
0,38,2845
0,108,2846
0,65,2847
0,29,2848
0,15,2849
0,34,285
0,23,2850
0,106,2851
0,2,2852
0,68,2854
0,25,2855
0,73,2856
0,57,2857
0,54,2858
0,20,2859
0,19,286
0,27,2860
0,41,2861
0,53,2862
0,69,2863
0,48,2864
0,20,2865
0,40,2866
0,106,2867
0,43,2868
0,42,2869
0,49,287
0,19,2870
0,9,2871
0,41,2872
0,106,2873
0,43,2874
0,85,2875
0,13,2876
0,78,2877
0,82,2878
0,39,2879
0,5,288
0,75,2880
0,3,2881
0,56,2882
0,10,2883
0,43,2884
0,65,2885
0,51,2886
0,67,2887
0,65,2888
0,27,2889
0,2,289
0,19,2890
0,10,2891
0,14,2892
0,27,2893
0,9,2894
0,10,2895
0,4,2896
0,28,2897
0,8,2898
0,26,2899
0,66,29
0,14,290
0,38,2900
0,5,2901
0,11,2902
0,12,2903
0,23,2904
0,57,2905
0,15,2906
0,173,2907
0,41,2908
0,32,2909
0,22,291
0,23,2910
0,15,2911
0,20,2912
0,21,2913
0,8,2914
0,6,2915
0,89,2916
0,48,2917
0,30,2918
0,10,2919
0,32,292
0,37,2920
0,69,2921
0,22,2922
0,8,2923
0,81,2924
0,45,2925
0,4,2926
0,28,2927
0,7,2928
0,19,2929
0,9,293
0,4,2931
0,57,2932
0,3,2933
0,9,2934
0,41,2935
0,21,2936
0,45,2937
0,18,2938
0,45,2939
0,47,294
0,21,2940
0,9,2941
0,57,2942
0,68,2943
0,2,2944
0,144,2946
0,11,2947
0,27,2948
0,40,2949
0,42,295
0,37,2950
0,21,2951
0,15,2952
0,12,2953
0,46,2954
0,58,2955
0,94,2956
0,83,2957
0,41,2958
0,14,2959
0,1,296
0,45,2960
0,10,2961
0,23,2962
0,38,2963
0,25,2964
0,13,2965
0,67,2966
0,25,2967
0,40,2968
0,11,2969
0,112,297
0,86,2971
0,26,2972
0,49,2973
0,26,2974
0,51,2975
0,46,2976
0,80,2977
0,99,2978
0,38,2979
0,33,298
0,37,2980
0,42,2981
0,1,2982
0,11,2983
0,9,2984
0,34,2985
0,3,2986
0,12,2987
0,28,2988
0,62,2989
0,38,299
0,34,2990
0,45,2991
0,42,2992
0,13,2993
0,40,2994
0,58,2995
0,65,2996
0,23,2997
0,19,2998
0,20,2999
0,47,30
0,17,300
0,60,3000
0,79,3001
0,9,3002
0,36,3003
0,35,3004
0,57,3005
0,93,3006
0,114,3007
0,39,3008
0,35,3009
0,52,301
0,94,3010
0,19,3011
0,33,3012
0,13,3013
0,34,3014
0,49,3015
0,65,3016
0,31,3017
0,13,3018
0,61,3019
0,33,302
0,6,3021
0,34,3022
0,98,3023
0,52,3024
0,19,3025
0,37,3026
0,48,3027
0,59,3028
0,42,3029
0,17,303
0,14,3030
0,37,3031
0,118,3032
0,26,3033
0,33,3034
0,44,3035
0,12,3036
0,70,3037
0,51,3038
0,32,3039
0,15,304
0,9,3040
0,56,3041
0,8,3042
0,68,3043
0,59,3044
0,20,3045
0,34,3047
0,43,3048
0,58,3049
0,7,305
0,82,3050
0,22,3051
0,104,3052
0,24,3053
0,4,3054
0,3,3055
0,12,3056
0,83,3057
0,81,3058
0,20,3059
0,4,306
0,26,3060
0,43,3061
0,6,3062
0,107,3063
0,37,3064
0,5,3065
0,43,3067
0,12,3068
0,51,3069
0,58,307
0,19,3070
0,50,3071
0,152,3072
0,54,3073
0,61,3074
0,3,3075
0,1,3076
0,38,3077
0,55,3078
0,36,3079
0,9,308
0,44,3080
0,66,3081
0,28,3083
0,6,3084
0,15,3085
0,6,3086
0,14,3087
0,31,3088
0,42,3089
0,22,309
0,18,3090
0,6,3091
0,39,3092
0,9,3093
0,61,3094
0,31,3095
0,1,3096
0,49,3097
0,12,3098
0,41,3099
0,1,310
0,26,3100
0,66,3101
0,85,3102
0,25,3103
0,3,3104
0,17,3105
0,21,3106
0,31,3107
0,88,3108
0,32,3109
0,33,311
0,45,3110
0,12,3111
0,51,3113
0,45,3114
0,4,3115
0,76,3116
0,10,3117
0,17,3118
0,73,3119
0,24,312
0,20,3121
0,32,3122
0,13,3123
0,126,3124
0,9,3125
0,52,3126
0,17,3127
0,1,3128
0,42,3129
0,6,313
0,45,3130
0,32,3131
0,17,3132
0,41,3133
0,111,3134
0,20,3135
0,11,3136
0,38,3137
0,11,3138
0,39,3139
0,51,314
0,9,3140
0,66,3141
0,43,3142
0,68,3143
0,5,3144
0,103,3145
0,31,3146
0,1,3147
0,41,3148
0,19,3149
0,6,315
0,30,3150
0,17,3151
0,22,3152
0,32,3153
0,37,3154
0,27,3155
0,7,3156
0,58,3158
0,41,3159
0,8,316
0,35,3160
0,46,3161
0,9,3163
0,6,3164
0,8,3165
0,76,3166
0,28,3167
0,26,3168
0,58,3169
0,47,317
0,10,3170
0,20,3171
0,25,3172
0,5,3173
0,66,3174
0,2,3175
0,16,3176
0,21,3177
0,79,3178
0,49,3179
0,30,318
0,18,3180
0,43,3181
0,127,3182
0,10,3183
0,4,3184
0,8,3185
0,3,3186
0,45,3187
0,28,3188
0,29,3189
0,11,319
0,2,3190
0,31,3191
0,21,3192
0,3,3193
0,36,3194
0,41,3196
0,12,3197
0,52,3198
0,19,3199
0,191,32
0,20,320
0,13,3200
0,16,3201
0,1,3202
0,28,3203
0,68,3204
0,4,3205
0,66,3207
0,33,3208
0,15,3209
0,6,321
0,12,3210
0,36,3211
0,83,3212
0,20,3213
0,85,3214
0,53,3215
0,6,3216
0,72,3217
0,52,3218
0,3,3219
0,2,322
0,95,3220
0,52,3221
0,28,3223
0,48,3224
0,1,3225
0,17,3226
0,45,3227
0,12,3228
0,8,3229
0,82,323
0,16,3230
0,5,3231
0,22,3232
0,16,3233
0,30,3234
0,50,3235
0,3,3236
0,12,3237
0,77,3238
0,5,3239
0,43,324
0,12,3240
0,23,3241
0,17,3242
0,47,3244
0,1,3245
0,41,3246
0,61,3247
0,43,3248
0,53,3249
0,1,3250
0,6,3251
0,27,3252
0,21,3253
0,32,3254
0,105,3255
0,42,3256
0,38,3257
0,25,3258
0,7,3259
0,35,326
0,21,3260
0,10,3261
0,65,3262
0,30,3263
0,20,3264
0,8,3265
0,20,3266
0,9,3268
0,32,3269
0,16,327
0,54,3270
0,1,3271
0,18,3274
0,7,3275
0,102,3276
0,57,3277
0,109,3278
0,56,328
0,4,3280
0,26,3281
0,10,3282
0,26,3283
0,27,3284
0,36,3285
0,23,3286
0,23,3288
0,78,3289
0,7,329
0,4,3290
0,6,3291
0,88,3292
0,67,3293
0,39,3294
0,83,3295
0,43,3296
0,34,3297
0,1,3298
0,95,3299
0,1,33
0,44,330
0,40,3300
0,17,3301
0,7,3302
0,10,3303
0,5,3304
0,16,3305
0,53,3306
0,40,3307
0,16,3308
0,17,3309
0,27,331
0,14,3310
0,4,3311
0,18,3312
0,90,3313
0,54,3314
0,14,3315
0,2,3316
0,60,3317
0,13,3318
0,7,3319
0,39,332
0,60,3320
0,74,3321
0,20,3322
0,32,3323
0,44,3324
0,13,3325
0,11,3326
0,54,3327
0,19,3328
0,20,3329
0,12,333
0,71,3330
0,23,3331
0,32,3332
0,87,3333
0,3,3334
0,18,3335
0,28,3336
0,5,3337
0,45,3338
0,3,3339
0,62,334
0,90,3340
0,46,3341
0,17,3342
0,27,3343
0,12,3344
0,43,3345
0,50,3346
0,18,3347
0,20,3348
0,11,3349
0,31,335
0,65,3350
0,38,3351
0,2,3352
0,24,3353
0,49,3354
0,3,3355
0,23,3356
0,43,3357
0,118,3358
0,33,3359
0,20,336
0,39,3360
0,72,3361
0,109,3362
0,109,3363
0,14,3364
0,68,3365
0,55,3366
0,61,3367
0,4,3368
0,104,3369
0,61,337
0,19,3370
0,48,3371
0,59,3372
0,57,3373
0,20,3374
0,6,3375
0,73,3376
0,77,3377
0,33,3378
0,6,3379
0,5,338
0,13,3380
0,28,3381
0,72,3382
0,65,3383
0,8,3384
0,23,3385
0,74,3386
0,13,3387
0,55,3388
0,63,3389
0,128,339
0,115,3390
0,13,3391
0,28,3392
0,65,3393
0,1,3394
0,13,3395
0,93,3396
0,9,3397
0,15,3398
0,28,3399
0,44,34
0,31,340
0,93,3400
0,16,3401
0,29,3402
0,141,3403
0,97,3404
0,22,3405
0,2,3406
0,31,3407
0,39,3408
0,46,3409
0,11,341
0,17,3410
0,27,3411
0,61,3412
0,5,3413
0,75,3414
0,16,3416
0,6,3417
0,90,3418
0,30,3419
0,19,342
0,113,3420
0,43,3421
0,54,3422
0,7,3423
0,36,3424
0,22,3425
0,35,3426
0,102,3427
0,10,3428
0,38,3429
0,13,343
0,23,3430
0,30,3431
0,51,3432
0,41,3433
0,28,3434
0,102,3435
0,44,3436
0,16,3437
0,51,3438
0,11,3439
0,28,344
0,31,3440
0,5,3441
0,100,3442
0,9,3443
0,17,3444
0,45,3445
0,23,3446
0,12,3447
0,54,3448
0,57,3449
0,24,345
0,37,3450
0,5,3451
0,17,3452
0,19,3453
0,36,3454
0,42,3455
0,28,3456
0,16,3457
0,48,3458
0,77,3459
0,56,346
0,84,3460
0,24,3461
0,63,3462
0,7,3463
0,14,3464
0,12,3465
0,31,3466
0,28,3467
0,20,3468
0,30,3469
0,52,347
0,11,3470
0,49,3471
0,33,3472
0,34,3473
0,23,3474
0,1,3475
0,17,3476
0,93,3477
0,5,3478
0,5,3479
0,7,348
0,2,3480
0,22,3481
0,10,3482
0,26,3483
0,9,3484
0,99,3485
0,20,3486
0,43,3487
0,29,3488
0,35,3489
0,6,349
0,31,3490
0,29,3491
0,23,3492
0,13,3493
0,19,3494
0,1,3495
0,21,3496
0,35,3497
0,68,3498
0,47,3499
0,44,35
0,58,350
0,58,3500
0,57,3501
0,25,3502
0,47,3503
0,33,3504
0,11,3505
0,105,3506
0,52,3507
0,24,3508
0,30,3509
0,3,351
0,1,3510
0,44,3511
0,119,3512
0,89,3513
0,6,3514
0,18,3515
0,1,3516
0,45,3517
0,66,3518
0,33,3519
0,26,352
0,34,3520
0,24,3521
0,36,3522
0,33,3523
0,33,3525
0,15,3526
0,59,3527
0,8,3528
0,109,3529
0,128,353
0,11,3530
0,43,3531
0,26,3532
0,39,3533
0,3,3534
0,56,3535
0,16,3537
0,6,3538
0,73,3539
0,123,354
0,73,3540
0,6,3541
0,1,3542
0,112,3543
0,36,3544
0,74,3545
0,37,3546
0,33,3547
0,17,3548
0,47,3549
0,65,3550
0,96,3551
0,7,3552
0,77,3553
0,43,3554
0,34,3555
0,49,3556
0,50,3557
0,75,3558
0,6,3559
0,53,356
0,15,3560
0,28,3561
0,22,3562
0,103,3564
0,42,3565
0,74,3566
0,10,3567
0,97,3568
0,5,3569
0,52,357
0,2,3570
0,18,3571
0,43,3572
0,48,3573
0,114,3574
0,9,3575
0,12,3576
0,108,3577
0,10,3578
0,50,3579
0,40,358
0,30,3580
0,15,3581
0,8,3582
0,5,3583
0,40,3584
0,29,3585
0,34,3586
0,9,3587
0,14,3588
0,18,3589
0,13,359
0,33,3592
0,57,3593
0,25,3594
0,81,3595
0,91,3596
0,34,3598
0,48,3599
0,15,36
0,9,360
0,13,3600
0,4,3601
0,64,3602
0,22,3603
0,39,3604
0,12,3605
0,67,3606
0,55,3607
0,36,3608
0,25,3609
0,18,361
0,50,3610
0,69,3611
0,11,3612
0,4,3613
0,33,3614
0,29,3615
0,120,3616
0,65,3617
0,21,3618
0,41,3619
0,103,362
0,26,3620
0,22,3621
0,1,3622
0,13,3623
0,50,3624
0,34,3625
0,16,3626
0,6,3627
0,9,3628
0,32,3629
0,21,3630
0,45,3631
0,50,3632
0,40,3633
0,9,3634
0,34,3635
0,56,3636
0,74,3637
0,7,3638
0,8,3639
0,41,364
0,31,3640
0,14,3641
0,56,3642
0,55,3643
0,39,3644
0,9,3645
0,69,3646
0,28,3647
0,9,3648
0,20,3649
0,6,365
0,1,3650
0,35,3651
0,5,3652
0,21,3653
0,9,3654
0,28,3655
0,29,3656
0,44,3657
0,13,3658
0,40,3659
0,17,366
0,29,3660
0,38,3661
0,1,3662
0,129,3663
0,66,3664
0,23,3665
0,50,3666
0,6,3667
0,83,3668
0,23,3669
0,4,367
0,1,3670
0,28,3671
0,20,3672
0,26,3673
0,32,3674
0,4,3675
0,56,3676
0,24,3677
0,58,3678
0,24,3679
0,23,368
0,60,3680
0,78,3681
0,42,3682
0,79,3684
0,51,3685
0,36,3686
0,14,3687
0,1,3688
0,5,3689
0,36,369
0,22,3690
0,2,3691
0,13,3692
0,13,3693
0,74,3694
0,5,3695
0,88,3696
0,44,3697
0,66,3698
0,77,3699
0,34,37
0,42,370
0,39,3700
0,21,3701
0,44,3702
0,39,3703
0,3,3704
0,22,3705
0,34,3706
0,40,3707
0,32,3708
0,9,3709
0,39,371
0,64,3710
0,36,3711
0,60,3712
0,39,3713
0,44,3716
0,6,3717
0,2,3718
0,30,3719
0,52,372
0,50,3720
0,7,3721
0,13,3722
0,14,3723
0,10,3724
0,64,3725
0,37,3726
0,28,3727
0,50,3728
0,61,373
0,43,3730
0,7,3731
0,28,3732
0,7,3733
0,20,3734
0,36,3735
0,13,3736
0,53,3737
0,1,3738
0,127,3739
0,25,374
0,44,3740
0,46,3741
0,1,3742
0,50,3743
0,29,3744
0,10,3745
0,13,3746
0,64,3747
0,30,3748
0,2,3749
0,20,375
0,49,3751
0,14,3752
0,46,3753
0,39,3754
0,13,3755
0,10,3756
0,69,3757
0,42,3758
0,79,376
0,30,3760
0,45,3761
0,16,3762
0,11,3763
0,42,3764
0,101,3765
0,27,3766
0,45,3767
0,47,3768
0,54,3769
0,1,377
0,3,3770
0,32,3771
0,29,3772
0,46,3773
0,28,3774
0,16,3775
0,12,3776
0,94,3777
0,7,3778
0,36,3779
0,33,378
0,1,3780
0,26,3781
0,26,3782
0,80,3783
0,36,3784
0,6,3785
0,12,3786
0,36,3787
0,145,3788
0,28,3789
0,45,379
0,30,3790
0,35,3791
0,5,3792
0,12,3793
0,23,3794
0,29,3795
0,16,3796
0,7,3797
0,2,3798
0,14,3799
0,18,38
0,12,380
0,128,3800
0,23,3801
0,51,3802
0,33,3803
0,21,3804
0,3,3805
0,78,3806
0,59,3807
0,8,3808
0,13,3809
0,54,381
0,24,3810
0,46,3811
0,2,3812
0,76,3813
0,64,3814
0,22,3815
0,35,3816
0,48,3817
0,25,3818
0,15,3819
0,6,382
0,63,3820
0,24,3821
0,96,3822
0,8,3823
0,11,3824
0,5,3825
0,61,3826
0,37,3827
0,6,3828
0,28,3829
0,2,383
0,19,3830
0,29,3831
0,55,3832
0,65,3833
0,3,3834
0,31,3835
0,30,3836
0,29,3837
0,36,3838
0,117,3839
0,146,384
0,42,3840
0,27,3841
0,29,3842
0,114,3843
0,12,3845
0,85,3846
0,38,3847
0,1,3848
0,18,3849
0,15,385
0,24,3850
0,57,3852
0,46,3853
0,2,3854
0,86,3855
0,103,3856
0,12,3857
0,36,3859
0,2,386
0,16,3860
0,10,3861
0,6,3862
0,66,3863
0,15,3864
0,38,3865
0,5,3866
0,66,3867
0,12,3868
0,40,3869
0,8,387
0,18,3870
0,8,3871
0,8,3872
0,68,3873
0,27,3874
0,75,3875
0,56,3876
0,2,3877
0,51,3879
0,68,388
0,43,3880
0,42,3881
0,4,3882
0,128,3883
0,25,3884
0,60,3885
0,22,3886
0,67,3887
0,46,3888
0,85,3889
0,173,389
0,28,3890
0,42,3891
0,104,3892
0,41,3893
0,46,3894
0,35,3895
0,4,3896
0,30,3897
0,42,3898
0,3,3899
0,28,39
0,14,390
0,92,3900
0,104,3901
0,52,3902
0,60,3903
0,20,3904
0,1,3905
0,15,3906
0,17,3907
0,38,3908
0,57,391
0,4,3910
0,27,3911
0,28,3912
0,5,3913
0,2,3914
0,48,3915
0,16,3916
0,18,3917
0,110,3918
0,48,3919
0,72,392
0,37,3920
0,22,3921
0,13,3922
0,16,3923
0,4,3924
0,40,3925
0,32,3926
0,27,3927
0,33,3928
0,59,3929
0,60,393
0,3,3931
0,29,3932
0,40,3933
0,66,3934
0,4,3935
0,94,3936
0,44,3937
0,20,3938
0,22,3939
0,3,394
0,74,3940
0,8,3941
0,26,3942
0,33,3943
0,78,3944
0,10,3945
0,121,3946
0,25,3947
0,29,3948
0,3,3949
0,7,395
0,10,3950
0,10,3951
0,73,3952
0,118,3953
0,40,3954
0,44,3955
0,39,3956
0,49,3957
0,8,3958
0,79,3959
0,5,396
0,33,3960
0,24,3961
0,97,3962
0,73,3964
0,81,3965
0,57,3966
0,55,3967
0,16,3968
0,36,3969
0,8,3970
0,18,3971
0,12,3972
0,38,3973
0,9,3974
0,46,3975
0,20,3976
0,76,3977
0,86,3978
0,1,398
0,18,3980
0,41,3981
0,15,3982
0,27,3983
0,77,3984
0,14,3986
0,27,3987
0,1,3988
0,51,3989
0,68,399
0,24,3990
0,20,3991
0,9,3992
0,26,3993
0,8,3994
0,9,3995
0,1,3996
0,57,3997
0,23,3998
0,2,3999
0,19,4
0,55,40
0,33,400
0,6,4000
0,3,4001
0,60,4002
0,60,4003
0,11,4004
0,86,4005
0,103,4006
0,74,4007
0,28,4008
0,110,4009
0,4,401
0,68,4010
0,19,4011
0,8,4012
0,19,4013
0,27,4014
0,12,4015
0,117,4016
0,48,4017
0,35,4018
0,36,4019
0,50,402
0,13,4020
0,28,4021
0,56,4022
0,49,4023
0,94,4024
0,47,4025
0,84,4026
0,11,4027
0,73,4028
0,39,4029
0,5,403
0,34,4030
0,15,4031
0,22,4032
0,69,4033
0,4,4034
0,47,4035
0,56,4036
0,52,4038
0,37,4039
0,9,404
0,12,4040
0,136,4041
0,93,4042
0,110,4043
0,23,4044
0,20,4045
0,5,4046
0,122,4047
0,12,4048
0,4,4049
0,59,405
0,12,4050
0,69,4051
0,10,4052
0,60,4054
0,92,4055
0,1,4056
0,19,4057
0,13,4058
0,15,4059
0,26,406
0,4,4060
0,15,4061
0,80,4062
0,30,4063
0,37,4064
0,44,4065
0,5,4066
0,129,4067
0,24,4068
0,13,4069
0,21,4070
0,142,4071
0,12,4072
0,23,4073
0,24,4074
0,35,4075
0,29,4077
0,105,4078
0,43,4079
0,23,408
0,9,4080
0,5,4081
0,8,4082
0,26,4083
0,3,4085
0,12,4086
0,86,4087
0,53,4088
0,14,4089
0,4,409
0,42,4090
0,76,4091
0,16,4092
0,22,4093
0,11,4094
0,21,4095
0,59,4096
0,74,4099
0,5,41
0,4,410
0,83,4100
0,30,4101
0,6,4102
0,14,4103
0,55,4104
0,51,4105
0,58,4106
0,18,4107
0,14,4108
0,1,4109
0,31,411
0,19,4110
0,1,4111
0,76,4112
0,16,4113
0,17,4114
0,69,4115
0,37,4116
0,56,4117
0,48,4118
0,30,4119
0,132,412
0,35,4120
0,11,4121
0,48,4122
0,15,4123
0,104,4124
0,132,4125
0,90,4126
0,8,4127
0,19,4128
0,24,4129
0,42,413
0,29,4131
0,15,4132
0,50,4133
0,42,4134
0,38,4135
0,10,4136
0,15,4137
0,71,4138
0,14,4139
0,9,414
0,70,4140
0,19,4141
0,50,4142
0,46,4143
0,6,4144
0,36,4145
0,15,4146
0,56,4147
0,56,4148
0,21,4149
0,41,415
0,11,4150
0,11,4151
0,5,4152
0,59,4153
0,36,4154
0,19,4155
0,26,4156
0,55,4157
0,3,4158
0,32,4159
0,36,416
0,73,4160
0,3,4161
0,26,4162
0,27,4163
0,46,4164
0,7,4165
0,77,4166
0,8,4167
0,54,4168
0,84,4169
0,39,417
0,35,4170
0,2,4171
0,8,4172
0,6,4173
0,27,4174
0,14,4175
0,21,4176
0,58,4177
0,11,4178
0,16,4179
0,22,418
0,28,4180
0,25,4181
0,114,4182
0,13,4183
0,77,4184
0,11,4185
0,16,4186
0,7,4187
0,83,4188
0,68,4189
0,71,419
0,70,4190
0,24,4191
0,15,4192
0,34,4193
0,78,4194
0,6,4195
0,15,4196
0,46,4197
0,12,4198
0,16,4199
0,24,42
0,13,420
0,59,4200
0,1,4201
0,28,4202
0,35,4203
0,22,4204
0,29,4205
0,46,4206
0,14,4207
0,54,4208
0,1,4209
0,5,421
0,106,4210
0,6,4211
0,1,4212
0,16,4213
0,10,4214
0,29,4215
0,2,4216
0,52,4217
0,7,4218
0,7,4219
0,53,422
0,2,4220
0,36,4221
0,43,4222
0,9,4223
0,9,4224
0,50,4225
0,14,4226
0,15,4227
0,2,4228
0,7,4229
0,19,423
0,31,4230
0,31,4231
0,30,4232
0,64,4233
0,12,4234
0,4,4235
0,89,4236
0,10,4237
0,59,4238
0,49,4239
0,26,424
0,33,4241
0,15,4242
0,14,4243
0,30,4244
0,49,4245
0,27,4246
0,90,4247
0,22,4248
0,34,4249
0,15,425
0,38,4250
0,22,4251
0,14,4252
0,4,4253
0,81,4255
0,1,4256
0,43,4257
0,11,4258
0,23,4259
0,32,426
0,17,4260
0,28,4261
0,12,4262
0,26,4263
0,22,4264
0,13,4265
0,101,4266
0,13,4267
0,45,4268
0,15,4269
0,33,427
0,95,4270
0,12,4271
0,38,4272
0,42,4273
0,21,4274
0,43,4275
0,37,4276
0,59,4277
0,44,4279
0,11,428
0,68,4280
0,11,4281
0,21,4282
0,43,4283
0,36,4284
0,1,4285
0,8,4286
0,11,4287
0,28,4288
0,62,4289
0,4,429
0,56,4290
0,14,4291
0,36,4292
0,37,4293
0,5,4294
0,14,4295
0,29,4296
0,19,4297
0,16,4298
0,87,4299
0,99,43
0,12,4300
0,22,4301
0,24,4302
0,15,4303
0,1,4304
0,60,4305
0,65,4306
0,30,4307
0,67,4308
0,9,4309
0,34,431
0,117,4310
0,24,4311
0,19,4312
0,10,4313
0,88,4314
0,2,4315
0,14,4316
0,4,4317
0,2,4318
0,48,4319
0,2,432
0,14,4321
0,9,4322
0,26,4323
0,9,4324
0,16,4325
0,19,4326
0,14,4327
0,32,4328
0,68,4329
0,7,433
0,49,4330
0,27,4331
0,155,4332
0,71,4333
0,18,4334
0,75,4335
0,14,4336
0,10,4337
0,14,4338
0,30,4339
0,131,434
0,55,4340
0,14,4341
0,16,4342
0,11,4343
0,113,4344
0,44,4345
0,18,4346
0,31,4347
0,20,4348
0,72,4349
0,31,435
0,32,4350
0,53,4351
0,16,4352
0,78,4353
0,114,4354
0,15,4355
0,21,4356
0,56,4357
0,30,4358
0,25,4359
0,18,4360
0,52,4361
0,58,4362
0,8,4363
0,109,4364
0,51,4365
0,109,4366
0,17,4367
0,49,4368
0,11,4369
0,34,437
0,1,4370
0,36,4371
0,23,4372
0,169,4373
0,37,4374
0,4,4375
0,13,4376
0,7,4377
0,18,4378
0,72,4379
0,51,438
0,23,4380
0,29,4381
0,60,4382
0,20,4383
0,15,4384
0,22,4385
0,52,4386
0,21,4387
0,55,4388
0,54,4389
0,22,439
0,18,4390
0,28,4391
0,33,4392
0,16,4393
0,18,4394
0,39,4395
0,29,4396
0,35,4397
0,1,4398
0,1,4399
0,7,44
0,29,440
0,6,4400
0,32,4401
0,25,4402
0,55,4403
0,97,4404
0,50,4406
0,37,4407
0,49,4408
0,81,4409
0,25,441
0,16,4410
0,18,4411
0,44,4412
0,13,4413
0,38,4414
0,14,4415
0,53,4416
0,75,4417
0,31,4418
0,28,4419
0,85,442
0,3,4420
0,45,4421
0,72,4422
0,30,4423
0,14,4424
0,33,4425
0,5,4426
0,39,4427
0,62,4428
0,73,4429
0,34,443
0,141,4430
0,15,4431
0,7,4432
0,7,4433
0,22,4434
0,18,4435
0,80,4436
0,81,4438
0,50,4439
0,21,444
0,5,4440
0,61,4441
0,69,4442
0,24,4443
0,91,4444
0,152,4445
0,57,4446
0,39,4447
0,17,4448
0,41,4449
0,45,445
0,26,4450
0,12,4451
0,19,4452
0,23,4453
0,35,4454
0,61,4455
0,39,4456
0,29,4457
0,39,4458
0,42,4459
0,9,446
0,5,4460
0,34,4461
0,77,4462
0,11,4463
0,42,4464
0,20,4465
0,33,4466
0,14,4467
0,49,4468
0,24,4469
0,69,447
0,20,4470
0,18,4471
0,82,4472
0,67,4473
0,27,4475
0,2,4476
0,105,4477
0,20,4478
0,1,4479
0,9,448
0,16,4480
0,17,4481
0,6,4482
0,4,4483
0,37,4484
0,11,4485
0,17,4486
0,31,4487
0,46,4488
0,10,4489
0,43,449
0,9,4490
0,50,4491
0,56,4492
0,40,4493
0,3,4494
0,13,4495
0,45,4496
0,6,4497
0,60,4498
0,23,4499
0,52,450
0,61,4500
0,14,4501
0,10,4502
0,53,4503
0,13,4505
0,29,4506
0,7,4507
0,64,4508
0,36,4509
0,7,451
0,22,4510
0,8,4511
0,27,4512
0,11,4513
0,33,4515
0,16,4516
0,10,4518
0,17,4519
0,6,452
0,36,4520
0,1,4521
0,95,4523
0,67,4525
0,50,4526
0,59,4527
0,34,4528
0,20,4529
0,13,453
0,18,4530
0,43,4531
0,48,4532
0,72,4533
0,61,4534
0,10,4535
0,76,4536
0,12,4537
0,97,4538
0,40,4539
0,75,454
0,14,4540
0,8,4541
0,5,4542
0,21,4543
0,22,4544
0,11,4545
0,20,4546
0,52,4547
0,28,4548
0,14,4549
0,17,455
0,44,4550
0,13,4551
0,22,4552
0,84,4553
0,36,4554
0,42,4555
0,28,4556
0,102,4557
0,15,4558
0,23,4559
0,79,456
0,66,4560
0,8,4561
0,39,4562
0,11,4563
0,13,4564
0,36,4565
0,26,4566
0,13,4567
0,35,4568
0,67,4569
0,84,457
0,26,4570
0,49,4571
0,101,4572
0,36,4573
0,10,4574
0,22,4575
0,30,4576
0,4,4578
0,9,4579
0,9,458
0,34,4580
0,101,4581
0,73,4582
0,29,4583
0,73,4584
0,10,4585
0,25,4586
0,22,4587
0,81,4588
0,63,4589
0,49,459
0,102,4590
0,9,4591
0,49,4592
0,57,4593
0,91,4594
0,110,4595
0,3,4596
0,9,4597
0,33,4598
0,8,4599
0,8,46
0,39,460
0,27,4600
0,3,4601
0,2,4602
0,5,4603
0,5,4604
0,11,4606
0,32,4607
0,55,4608
0,17,4609
0,25,461
0,51,4610
0,48,4611
0,26,4612
0,35,4613
0,18,4614
0,12,4615
0,15,4616
0,129,4617
0,83,4618
0,86,4619
0,21,462
0,1,4620
0,30,4621
0,33,4622
0,15,4623
0,10,4624
0,52,4625
0,10,4626
0,16,4627
0,18,4628
0,13,4629
0,82,463
0,30,4630
0,25,4631
0,44,4632
0,10,4633
0,27,4634
0,25,4635
0,11,4636
0,37,4637
0,72,4638
0,59,4639
0,18,464
0,42,4641
0,2,4642
0,35,4643
0,56,4644
0,110,4645
0,38,4646
0,32,4647
0,46,4648
0,11,4649
0,19,465
0,1,4650
0,16,4651
0,4,4652
0,21,4653
0,84,4654
0,3,4655
0,122,4656
0,46,4657
0,13,4658
0,36,4659
0,45,466
0,15,4660
0,29,4661
0,8,4662
0,49,4663
0,87,4664
0,20,4665
0,148,4666
0,29,4667
0,27,4668
0,14,4669
0,104,467
0,72,4670
0,48,4671
0,17,4672
0,17,4673
0,23,4674
0,74,4675
0,52,4676
0,46,4677
0,29,4678
0,82,4679
0,16,468
0,25,4680
0,27,4681
0,56,4682
0,31,4683
0,49,4684
0,51,4685
0,39,4686
0,16,4687
0,27,4688
0,8,4689
0,103,469
0,22,4690
0,1,4691
0,63,4692
0,53,4693
0,46,4694
0,15,4695
0,7,4696
0,8,4697
0,40,4698
0,49,4699
0,80,47
0,47,470
0,29,4700
0,1,4701
0,85,4702
0,60,4703
0,25,4704
0,35,4705
0,51,4706
0,28,4707
0,47,4708
0,1,4709
0,62,471
0,45,4710
0,64,4711
0,11,4712
0,42,4713
0,5,4714
0,63,4715
0,38,4716
0,11,4717
0,10,4718
0,37,4719
0,22,472
0,6,4720
0,46,4721
0,26,4722
0,12,4723
0,101,4724
0,123,4725
0,30,4726
0,6,4727
0,19,4728
0,26,4729
0,26,473
0,5,4730
0,62,4731
0,17,4732
0,19,4733
0,85,4734
0,2,4735
0,78,4736
0,98,4737
0,1,4738
0,28,4739
0,37,474
0,2,4740
0,24,4741
0,52,4742
0,22,4743
0,54,4744
0,26,4745
0,22,4746
0,19,4747
0,50,4748
0,16,4749
0,66,475
0,8,4750
0,31,4751
0,23,4752
0,65,4753
0,1,4754
0,1,4755
0,104,4756
0,20,4757
0,25,4758
0,1,4759
0,5,476
0,25,4760
0,7,4761
0,26,4762
0,43,4763
0,13,4764
0,56,4765
0,41,4766
0,53,4767
0,50,4768
0,53,4769
0,41,477
0,51,4770
0,18,4771
0,55,4772
0,47,4773
0,10,4774
0,48,4775
0,25,4776
0,5,4777
0,32,4778
0,69,478
0,25,4780
0,13,4781
0,30,4782
0,16,4783
0,70,4784
0,55,4785
0,46,4786
0,13,4787
0,26,4788
0,2,4789
0,28,479
0,28,4790
0,79,4792
0,17,4793
0,1,4794
0,23,4795
0,24,4796
0,9,4797
0,43,4798
0,95,4799
0,154,48
0,33,480
0,4,4800
0,19,4801
0,2,4802
0,25,4803
0,44,4804
0,2,4805
0,91,4806
0,30,4807
0,16,4808
0,41,4809
0,7,481
0,16,4810
0,8,4811
0,41,4813
0,65,4814
0,3,4815
0,18,4816
0,39,4817
0,29,4819
0,16,482
0,16,4820
0,59,4821
0,33,4822
0,21,4823
0,28,4824
0,64,4825
0,16,4826
0,70,4827
0,33,4828
0,77,4829
0,6,483
0,23,4830
0,40,4831
0,44,4832
0,4,4833
0,92,4834
0,51,4835
0,15,4836
0,15,4837
0,35,4838
0,20,4839
0,31,484
0,24,4840
0,74,4841
0,59,4842
0,40,4843
0,11,4844
0,48,4845
0,13,4846
0,9,4847
0,22,4848
0,36,4849
0,45,485
0,13,4850
0,15,4851
0,48,4852
0,27,4853
0,17,4854
0,14,4855
0,50,4856
0,22,4857
0,35,4858
0,2,4859
0,64,486
0,6,4860
0,13,4861
0,4,4862
0,30,4863
0,7,4864
0,98,4865
0,1,4866
0,19,4867
0,65,4868
0,21,487
0,81,4870
0,61,4871
0,48,4873
0,17,4874
0,41,4875
0,63,4876
0,8,4877
0,1,4878
0,66,4879
0,10,488
0,27,4880
0,17,4881
0,2,4882
0,2,4883
0,21,4884
0,27,4885
0,69,4886
0,3,4887
0,8,4888
0,46,4889
0,1,489
0,2,4890
0,90,4891
0,49,4894
0,32,4896
0,41,4897
0,68,4898
0,5,4899
0,4,49
0,7,490
0,19,4900
0,5,4901
0,44,4902
0,70,4903
0,18,4904
0,64,4905
0,12,4906
0,47,4907
0,11,4908
0,29,4909
0,79,491
0,97,4910
0,8,4911
0,54,4912
0,19,4913
0,19,4914
0,31,4915
0,38,4916
0,64,4917
0,19,4918
0,16,4919
0,30,492
0,49,4920
0,45,4921
0,31,4922
0,18,4923
0,21,4924
0,35,4925
0,43,4926
0,43,4927
0,62,4928
0,50,4929
0,12,493
0,12,4930
0,5,4931
0,34,4932
0,6,4933
0,27,4934
0,56,4935
0,2,4936
0,5,4937
0,21,4938
0,72,4939
0,7,494
0,10,4940
0,20,4941
0,37,4942
0,21,4943
0,19,4944
0,29,4945
0,5,4946
0,9,4947
0,46,4948
0,22,4949
0,5,495
0,36,4950
0,14,4951
0,85,4952
0,27,4953
0,11,4954
0,60,4955
0,21,4956
0,12,4957
0,43,4958
0,30,4959
0,26,496
0,112,4960
0,98,4961
0,6,4962
0,5,4963
0,25,4964
0,47,4965
0,39,4966
0,27,4967
0,9,4968
0,23,4969
0,42,497
0,60,4970
0,138,4971
0,4,4972
0,20,4973
0,2,4974
0,49,4975
0,6,4976
0,69,4977
0,22,4978
0,37,4979
0,11,498
0,7,4980
0,56,4981
0,14,4982
0,27,4983
0,17,4984
0,26,4985
0,54,4986
0,24,4987
0,33,4988
0,1,4989
0,71,4990
0,65,4991
0,34,4992
0,32,4993
0,29,4994
0,60,4995
0,41,4996
0,26,4997
0,30,4998
0,63,4999
0,42,5
0,42,50
0,24,500
0,42,5000
0,17,5001
0,51,5002
0,56,5003
0,27,5004
0,89,5005
0,1,5006
0,29,5007
0,32,5008
0,28,5009
0,19,501
0,20,5010
0,63,5011
0,70,5012
0,22,5013
0,13,5014
0,6,5015
0,16,5016
0,177,5017
0,23,5018
0,4,5019
0,57,502
0,50,5020
0,44,5021
0,33,5022
0,49,5023
0,62,5024
0,31,5025
0,1,5026
0,118,5027
0,32,5028
0,47,5029
0,44,503
0,57,5030
0,44,5031
0,26,5032
0,10,5033
0,11,5034
0,41,5035
0,46,5036
0,26,5037
0,31,5038
0,48,5039
0,4,504
0,6,5040
0,18,5041
0,33,5042
0,74,5043
0,17,5045
0,65,5046
0,23,5047
0,18,5048
0,42,5049
0,48,505
0,22,5050
0,14,5051
0,29,5052
0,17,5053
0,116,5054
0,39,5055
0,80,5056
0,12,5057
0,8,5058
0,23,5059
0,21,506
0,15,5060
0,12,5061
0,40,5062
0,44,5063
0,17,5064
0,10,5065
0,16,5066
0,13,5067
0,16,5068
0,11,5069
0,37,507
0,29,5070
0,67,5071
0,26,5072
0,135,5073
0,44,5074
0,30,5075
0,103,5076
0,66,5077
0,5,5078
0,15,5079
0,34,508
0,3,5080
0,77,5082
0,13,5083
0,102,5084
0,54,5085
0,17,5086
0,13,5087
0,11,5088
0,6,5089
0,40,509
0,6,5090
0,38,5091
0,20,5092
0,2,5093
0,20,5094
0,35,5095
0,25,5096
0,14,5097
0,10,5099
0,12,51
0,20,510
0,28,5100
0,11,5101
0,14,5102
0,2,5103
0,30,5104
0,27,5106
0,18,5107
0,36,5108
0,32,5109
0,6,511
0,49,5110
0,176,5111
0,3,5112
0,29,5113
0,16,5114
0,25,5115
0,4,5116
0,48,5117
0,63,5118
0,16,5119
0,30,512
0,31,5120
0,20,5121
0,18,5122
0,21,5123
0,23,5124
0,8,5125
0,16,5126
0,1,5127
0,31,5128
0,10,5129
0,8,513
0,31,5131
0,65,5132
0,46,5133
0,15,5134
0,49,5135
0,47,5136
0,9,5137
0,20,5138
0,16,5139
0,38,514
0,47,5140
0,6,5141
0,46,5142
0,44,5143
0,83,5144
0,2,5145
0,63,5146
0,45,5147
0,8,5148
0,45,5149
0,90,515
0,113,5150
0,13,5151
0,37,5152
0,56,5153
0,51,5154
0,74,5155
0,10,5156
0,32,5157
0,69,5158
0,15,5159
0,6,516
0,75,5160
0,10,5162
0,14,5163
0,21,5164
0,31,5165
0,111,5166
0,66,5167
0,52,5168
0,17,5169
0,108,517
0,26,5170
0,2,5171
0,10,5172
0,4,5173
0,34,5174
0,22,5175
0,9,5176
0,33,5177
0,9,5179
0,83,518
0,42,5180
0,41,5181
0,7,5182
0,81,5183
0,51,5184
0,43,5185
0,48,5186
0,35,5187
0,8,5188
0,61,5189
0,51,519
0,40,5190
0,7,5191
0,22,5192
0,101,5193
0,9,5194
0,40,5195
0,23,5196
0,24,5197
0,10,5198
0,1,5199
0,33,52
0,26,520
0,20,5200
0,11,5201
0,118,5202
0,68,5203
0,95,5204
0,48,5205
0,124,5206
0,52,5207
0,15,5208
0,18,5209
0,118,521
0,56,5210
0,32,5212
0,62,5213
0,46,5214
0,84,5215
0,58,5216
0,67,5217
0,170,5218
0,27,5219
0,7,522
0,2,5220
0,3,5221
0,26,5222
0,31,5223
0,27,5224
0,33,5225
0,28,5226
0,52,5227
0,72,5228
0,36,5229
0,80,523
0,51,5230
0,26,5231
0,52,5232
0,11,5233
0,38,5234
0,6,5235
0,2,5236
0,8,5237
0,69,5238
0,24,5239
0,19,524
0,76,5240
0,18,5241
0,44,5242
0,16,5243
0,93,5244
0,7,5245
0,137,5246
0,78,5247
0,1,5248
0,5,5249
0,65,525
0,10,5250
0,59,5251
0,31,5252
0,3,5253
0,37,5254
0,42,5255
0,8,5256
0,92,5257
0,6,5258
0,30,5259
0,51,526
0,74,5260
0,17,5261
0,12,5262
0,25,5263
0,41,5264
0,18,5265
0,37,5266
0,64,5267
0,10,5268
0,42,5269
0,1,527
0,23,5270
0,21,5271
0,62,5272
0,27,5273
0,13,5274
0,9,5275
0,29,5276
0,59,5277
0,9,5278
0,55,5279
0,53,528
0,4,5280
0,15,5281
0,39,5282
0,62,5283
0,45,5284
0,8,5285
0,18,5286
0,46,5287
0,65,5288
0,15,5289
0,38,529
0,84,5290
0,80,5291
0,23,5292
0,59,5293
0,38,5294
0,24,5295
0,13,5296
0,74,5297
0,81,5298
0,34,5299
0,31,53
0,44,530
0,21,5300
0,36,5301
0,16,5302
0,1,5303
0,114,5304
0,81,5305
0,29,5306
0,25,5307
0,29,5308
0,29,5309
0,68,531
0,34,5310
0,22,5311
0,54,5312
0,29,5313
0,18,5314
0,32,5315
0,55,5316
0,9,5317
0,22,5318
0,3,5319
0,27,532
0,29,5320
0,69,5321
0,33,5322
0,48,5323
0,6,5324
0,20,5325
0,38,5326
0,16,5327
0,60,5328
0,59,5329
0,40,5330
0,42,5331
0,63,5332
0,49,5333
0,65,5334
0,100,5335
0,7,5336
0,51,5337
0,24,5338
0,29,5339
0,47,5340
0,36,5341
0,35,5342
0,83,5343
0,22,5344
0,23,5345
0,110,5346
0,9,5348
0,20,5349
0,8,535
0,88,5350
0,16,5351
0,19,5352
0,60,5353
0,9,5354
0,19,5355
0,10,5356
0,9,5357
0,32,5358
0,114,5359
0,14,536
0,23,5360
0,8,5361
0,63,5362
0,132,5363
0,5,5364
0,130,5365
0,2,5366
0,21,5367
0,37,5368
0,15,5369
0,6,537
0,42,5370
0,17,5371
0,13,5372
0,12,5373
0,23,5374
0,29,5375
0,40,5376
0,73,5377
0,22,5378
0,68,5379
0,48,538
0,11,5380
0,26,5381
0,48,5382
0,10,5383
0,94,5384
0,114,5385
0,44,5386
0,40,5387
0,36,5388
0,47,5389
0,10,539
0,4,5390
0,29,5391
0,16,5392
0,20,5393
0,32,5394
0,37,5395
0,21,5396
0,43,5397
0,98,5398
0,27,5399
0,23,54
0,60,540
0,30,5400
0,24,5401
0,43,5402
0,15,5403
0,36,5404
0,89,5405
0,90,5406
0,2,5407
0,18,5408
0,120,5409
0,38,541
0,40,5410
0,49,5411
0,15,5412
0,78,5413
0,16,5414
0,23,5415
0,1,5416
0,20,5417
0,14,5418
0,35,5419
0,18,542
0,66,5420
0,22,5421
0,11,5422
0,71,5423
0,57,5424
0,51,5425
0,34,5426
0,27,5427
0,9,5428
0,13,5429
0,23,543
0,20,5430
0,39,5431
0,75,5432
0,34,5433
0,28,5434
0,80,5435
0,13,5436
0,125,5437
0,5,5438
0,14,5439
0,1,544
0,69,5440
0,49,5441
0,57,5442
0,13,5443
0,25,5444
0,110,5445
0,7,5446
0,32,5447
0,3,5448
0,23,5449
0,37,545
0,90,5450
0,30,5451
0,49,5452
0,17,5454
0,37,5455
0,27,5456
0,18,5457
0,57,5458
0,44,5459
0,37,546
0,25,5460
0,100,5461
0,67,5462
0,6,5463
0,2,5464
0,3,5465
0,29,5466
0,1,5467
0,19,5468
0,27,5469
0,46,547
0,27,5470
0,32,5471
0,20,5472
0,62,5473
0,22,5474
0,12,5475
0,57,5476
0,22,5477
0,31,5478
0,18,5479
0,16,548
0,6,5480
0,51,5481
0,65,5482
0,16,5483
0,87,5484
0,22,5485
0,66,5486
0,39,5487
0,24,5488
0,52,549
0,2,5490
0,7,5491
0,8,5492
0,123,5493
0,17,5494
0,11,5495
0,8,5496
0,86,5497
0,27,5498
0,84,5499
0,7,55
0,3,5500
0,71,5501
0,54,5502
0,16,5503
0,9,5505
0,22,5506
0,54,5507
0,27,5508
0,49,5509
0,33,551
0,7,5510
0,54,5511
0,15,5512
0,59,5513
0,3,5514
0,45,5515
0,17,5516
0,65,5517
0,81,5518
0,22,5519
0,66,552
0,33,5520
0,5,5521
0,20,5522
0,53,5523
0,5,5524
0,4,5525
0,48,5527
0,39,5528
0,28,5529
0,48,553
0,23,5530
0,42,5531
0,29,5532
0,3,5533
0,86,5534
0,5,5535
0,11,5536
0,10,5537
0,59,5538
0,13,5539
0,88,554
0,20,5540
0,9,5541
0,66,5542
0,20,5543
0,34,5544
0,16,5545
0,93,5546
0,16,5547
0,171,5548
0,48,5549
0,34,555
0,27,5550
0,53,5551
0,46,5552
0,36,5553
0,39,5554
0,13,5555
0,66,5556
0,34,5557
0,49,5558
0,60,5559
0,8,556
0,21,5560
0,29,5561
0,28,5562
0,27,5563
0,24,5564
0,16,5565
0,11,5566
0,50,5567
0,14,5568
0,32,5569
0,23,557
0,14,5570
0,22,5571
0,52,5572
0,9,5573
0,46,5574
0,10,5575
0,13,5576
0,69,5577
0,25,5578
0,21,5579
0,36,558
0,61,5580
0,65,5582
0,46,5583
0,94,5584
0,165,5585
0,23,5586
0,84,5587
0,23,5588
0,8,5589
0,89,559
0,19,5590
0,17,5591
0,37,5592
0,84,5593
0,30,5594
0,79,5595
0,9,5596
0,37,5597
0,32,5598
0,28,5599
0,12,56
0,35,560
0,48,5600
0,30,5601
0,6,5602
0,61,5603
0,37,5604
0,18,5605
0,2,5606
0,13,5607
0,19,5608
0,62,5609
0,2,561
0,37,5610
0,81,5611
0,11,5612
0,19,5613
0,52,5614
0,43,5615
0,38,5616
0,29,5617
0,12,5618
0,18,5619
0,29,562
0,13,5620
0,86,5621
0,63,5622
0,38,5623
0,2,5624
0,11,5625
0,12,5626
0,6,5627
0,29,5628
0,70,5629
0,40,563
0,7,5630
0,13,5631
0,7,5632
0,66,5633
0,54,5634
0,70,5635
0,42,5636
0,3,5637
0,15,5638
0,20,5639
0,17,564
0,51,5640
0,44,5641
0,17,5642
0,78,5643
0,46,5644
0,67,5645
0,37,5646
0,1,5647
0,20,5648
0,103,5649
0,56,565
0,18,5650
0,3,5651
0,27,5652
0,122,5653
0,52,5655
0,23,5656
0,10,5658
0,43,5659
0,39,566
0,25,5660
0,104,5661
0,4,5662
0,28,5663
0,2,5664
0,14,5665
0,35,5666
0,27,5667
0,148,5668
0,9,5669
0,54,567
0,34,5670
0,25,5671
0,69,5672
0,11,5673
0,13,5674
0,7,5675
0,30,5676
0,36,5677
0,71,5678
0,51,5679
0,50,568
0,11,5680
0,40,5681
0,33,5682
0,54,5683
0,5,5685
0,60,5686
0,26,5687
0,16,5688
0,64,5689
0,35,569
0,29,5690
0,9,5691
0,20,5692
0,18,5693
0,54,5694
0,7,5695
0,36,5696
0,12,5697
0,58,5698
0,2,5699
0,80,57
0,13,570
0,18,5700
0,19,5701
0,2,5702
0,12,5703
0,57,5704
0,34,5705
0,19,5706
0,31,5707
0,27,5708
0,29,5709
0,42,571
0,8,5710
0,48,5711
0,4,5712
0,86,5713
0,95,5714
0,1,5715
0,104,5716
0,103,5717
0,27,5718
0,12,5719
0,78,572
0,33,5720
0,59,5721
0,52,5722
0,92,5723
0,50,5724
0,7,5725
0,67,5726
0,21,5727
0,53,5728
0,55,5729
0,50,573
0,18,5730
0,45,5731
0,50,5732
0,16,5733
0,61,5734
0,3,5735
0,3,5736
0,52,5737
0,108,5738
0,68,5739
0,82,574
0,4,5740
0,107,5741
0,38,5742
0,19,5743
0,111,5744
0,47,5745
0,24,5746
0,21,5747
0,10,5748
0,8,5749
0,36,575
0,15,5750
0,43,5751
0,51,5753
0,65,5754
0,33,5755
0,41,5756
0,67,5757
0,4,5758
0,8,5759
0,57,576
0,104,5760
0,23,5761
0,9,5762
0,135,5763
0,3,5764
0,5,5765
0,34,5766
0,36,5767
0,157,5768
0,45,5769
0,116,577
0,13,5770
0,20,5771
0,21,5772
0,24,5773
0,18,5774
0,80,5775
0,65,5776
0,63,5777
0,29,5778
0,2,5779
0,16,578
0,1,5780
0,70,5781
0,15,5782
0,33,5783
0,67,5784
0,25,5785
0,22,5786
0,16,5787
0,196,5788
0,9,5789
0,9,579
0,2,5790
0,139,5791
0,48,5792
0,122,5793
0,7,5794
0,30,5795
0,8,5796
0,33,5797
0,74,5798
0,31,5799
0,11,58
0,34,580
0,66,5800
0,49,5801
0,10,5802
0,22,5803
0,18,5804
0,44,5805
0,45,5806
0,17,5807
0,8,5808
0,49,5809
0,42,581
0,35,5810
0,43,5811
0,62,5812
0,4,5814
0,9,5815
0,6,5816
0,42,5817
0,55,5818
0,41,5819
0,1,582
0,2,5820
0,35,5821
0,113,5822
0,32,5823
0,24,5824
0,18,5825
0,43,5827
0,2,5828
0,18,5829
0,24,583
0,32,5830
0,36,5831
0,32,5832
0,3,5833
0,5,5834
0,3,5835
0,13,5836
0,17,5837
0,43,5838
0,22,5839
0,100,584
0,36,5840
0,21,5841
0,46,5842
0,85,5843
0,37,5844
0,12,5845
0,90,5846
0,62,5847
0,15,5848
0,12,5849
0,7,585
0,4,5850
0,19,5851
0,26,5852
0,108,5853
0,19,5854
0,40,5855
0,17,5856
0,46,5857
0,31,5858
0,28,5859
0,14,586
0,83,5860
0,37,5861
0,20,5862
0,16,5863
0,2,5864
0,11,5865
0,30,5866
0,19,5867
0,78,5868
0,86,5869
0,21,587
0,7,5870
0,42,5871
0,28,5872
0,28,5873
0,54,5874
0,1,5875
0,101,5876
0,17,5877
0,100,5878
0,1,5879
0,2,588
0,13,5880
0,13,5881
0,14,5882
0,30,5883
0,71,5884
0,19,5885
0,20,5886
0,13,5887
0,24,5888
0,44,5889
0,77,589
0,43,5890
0,34,5891
0,97,5892
0,11,5893
0,10,5894
0,106,5895
0,15,5896
0,54,5897
0,52,5898
0,19,59
0,57,590
0,94,5900
0,7,5901
0,23,5902
0,53,5903
0,40,5904
0,54,5905
0,89,5906
0,47,5907
0,62,5908
0,90,5909
0,13,591
0,69,5910
0,16,5911
0,13,5912
0,19,5913
0,27,5914
0,35,5916
0,24,5917
0,31,5918
0,36,5919
0,69,592
0,55,5920
0,30,5921
0,5,5922
0,44,5923
0,30,5924
0,27,5925
0,46,5926
0,71,5927
0,5,5928
0,70,5929
0,14,593
0,25,5930
0,19,5931
0,33,5932
0,38,5933
0,47,5934
0,18,5935
0,1,5936
0,20,5937
0,77,5938
0,58,5939
0,49,594
0,4,5940
0,40,5941
0,14,5942
0,48,5943
0,5,5945
0,55,5946
0,30,5947
0,34,5948
0,105,5949
0,57,595
0,45,5950
0,110,5951
0,45,5952
0,14,5953
0,96,5954
0,57,5955
0,20,5956
0,29,5957
0,3,5958
0,9,5959
0,8,596
0,10,5960
0,85,5961
0,77,5962
0,60,5963
0,20,5964
0,39,5965
0,47,5966
0,14,5967
0,46,5968
0,13,5969
0,42,597
0,29,5970
0,13,5971
0,13,5972
0,30,5973
0,102,5974
0,21,5975
0,38,5976
0,37,5977
0,9,5978
0,31,5979
0,9,598
0,33,5980
0,1,5981
0,10,5982
0,15,5983
0,66,5984
0,13,5985
0,37,5986
0,81,5987
0,7,5988
0,3,5989
0,13,599
0,48,5990
0,103,5991
0,4,5992
0,4,5993
0,12,5994
0,175,5995
0,122,5996
0,26,5997
0,26,5998
0,3,5999
0,44,6
0,14,60
0,37,600
0,13,6000
0,69,6001
0,65,6002
0,73,6003
0,58,6004
0,111,6005
0,16,6006
0,60,6007
0,10,6008
0,69,6009
0,38,601
0,4,6010
0,17,6011
0,55,6012
0,71,6013
0,1,6014
0,24,6015
0,23,6016
0,7,6017
0,67,6018
0,28,6019
0,10,602
0,21,6020
0,88,6021
0,107,6022
0,39,6023
0,87,6024
0,49,6025
0,33,6026
0,49,6027
0,41,6028
0,15,6029
0,6,603
0,3,6030
0,4,6031
0,3,6032
0,7,6033
0,211,6034
0,24,6035
0,35,6036
0,50,6037
0,2,6038
0,14,6039
0,31,604
0,63,6040
0,92,6041
0,29,6042
0,1,6043
0,1,6044
0,15,6045
0,14,6046
0,32,6047
0,11,6048
0,33,6049
0,94,605
0,1,6050
0,103,6051
0,2,6052
0,1,6053
0,33,6054
0,25,6055
0,5,6056
0,15,6058
0,34,6059
0,22,606
0,26,6060
0,22,6061
0,5,6062
0,72,6063
0,68,6064
0,32,6065
0,7,6066
0,7,6067
0,58,6068
0,3,6069
0,69,607
0,43,6070
0,43,6071
0,12,6072
0,6,6073
0,2,6074
0,38,6075
0,43,6076
0,2,6077
0,3,6078
0,81,6079
0,67,608
0,6,6080
0,7,6081
0,2,6082
0,30,6084
0,75,6085
0,6,6086
0,17,6087
0,76,6088
0,19,6089
0,1,609
0,6,6090
0,39,6091
0,47,6092
0,39,6093
0,14,6094
0,11,6095
0,8,6097
0,9,6098
0,86,6099
0,53,61
0,72,610
0,7,6100
0,58,6101
0,26,6102
0,93,6103
0,3,6104
0,8,6105
0,55,6106
0,43,6108
0,37,6109
0,27,611
0,32,6110
0,113,6111
0,28,6112
0,36,6113
0,2,6114
0,10,6115
0,18,6116
0,25,6117
0,42,6118
0,36,6119
0,32,612
0,38,6120
0,27,6121
0,76,6122
0,2,6123
0,89,6124
0,43,6125
0,93,6126
0,22,6127
0,14,6128
0,20,6129
0,26,613
0,48,6130
0,55,6131
0,40,6132
0,67,6133
0,78,6134
0,62,6135
0,62,6136
0,33,6137
0,52,6138
0,103,6139
0,122,614
0,52,6140
0,7,6141
0,12,6142
0,16,6143
0,7,6144
0,36,6145
0,29,6146
0,23,6147
0,83,6148
0,47,6149
0,40,615
0,46,6150
0,29,6153
0,14,6154
0,2,6155
0,1,6156
0,67,6157
0,25,6158
0,38,616
0,11,6160
0,81,6161
0,63,6162
0,46,6163
0,38,6164
0,6,6165
0,47,6166
0,42,6167
0,16,6168
0,5,6169
0,61,617
0,70,6170
0,4,6171
0,32,6172
0,51,6173
0,48,6174
0,6,6175
0,6,6176
0,94,6177
0,20,6178
0,73,6179
0,145,618
0,14,6181
0,14,6182
0,54,6183
0,38,6184
0,11,6185
0,4,6186
0,28,6187
0,73,6188
0,28,6189
0,21,619
0,3,6190
0,61,6191
0,37,6192
0,14,6193
0,43,6194
0,53,6195
0,63,6196
0,7,6197
0,5,6198
0,8,6199
0,30,62
0,7,620
0,74,6200
0,13,6201
0,30,6202
0,91,6203
0,3,6204
0,103,6205
0,38,6206
0,67,6207
0,50,6208
0,19,621
0,42,6210
0,6,6211
0,8,6212
0,2,6213
0,6,6214
0,24,6216
0,28,6218
0,11,6219
0,38,622
0,26,6220
0,21,6221
0,54,6222
0,41,6223
0,20,6224
0,80,6225
0,25,6226
0,8,6227
0,35,6228
0,9,6229
0,29,623
0,33,6230
0,15,6231
0,94,6232
0,96,6233
0,4,6234
0,1,6235
0,1,6236
0,93,6237
0,10,6238
0,43,6239
0,77,624
0,45,6240
0,40,6241
0,20,6242
0,29,6243
0,110,6244
0,33,6245
0,31,6246
0,27,6247
0,17,6248
0,39,6249
0,12,625
0,10,6250
0,1,6251
0,46,6252
0,31,6253
0,51,6254
0,46,6255
0,37,6256
0,5,6257
0,60,6258
0,24,6259
0,26,626
0,79,6260
0,38,6261
0,16,6262
0,8,6263
0,45,6264
0,27,6265
0,5,6266
0,1,6267
0,11,6268
0,78,6269
0,54,627
0,33,6270
0,6,6271
0,26,6272
0,50,6273
0,1,6274
0,19,6275
0,4,6276
0,37,6277
0,25,6278
0,14,6279
0,7,628
0,18,6280
0,4,6281
0,86,6282
0,10,6283
0,13,6284
0,18,6285
0,33,6286
0,30,6287
0,24,6288
0,22,6289
0,59,629
0,32,6290
0,6,6291
0,137,6292
0,55,6293
0,61,6294
0,26,6295
0,52,6296
0,2,6297
0,58,6298
0,33,6299
0,46,63
0,88,630
0,68,6300
0,86,6301
0,18,6302
0,62,6303
0,20,6304
0,13,6305
0,31,6306
0,55,6307
0,32,6308
0,56,6309
0,69,631
0,2,6310
0,16,6311
0,20,6312
0,5,6313
0,116,6314
0,44,6315
0,23,6316
0,100,6317
0,63,6319
0,18,632
0,48,6320
0,3,6321
0,50,6322
0,5,6323
0,52,6324
0,46,6325
0,5,6326
0,13,6327
0,20,6328
0,59,6329
0,65,633
0,65,6330
0,41,6331
0,36,6332
0,42,6333
0,41,6334
0,23,6335
0,49,6336
0,16,6337
0,12,6338
0,34,6339
0,53,634
0,64,6340
0,9,6341
0,52,6342
0,33,6343
0,13,6344
0,1,6345
0,32,6346
0,8,6347
0,25,6348
0,36,6349
0,70,635
0,33,6350
0,86,6351
0,43,6352
0,36,6353
0,35,6354
0,5,6355
0,11,6356
0,70,6357
0,4,6358
0,13,6359
0,35,636
0,43,6360
0,4,6361
0,22,6362
0,12,6363
0,5,6364
0,23,6365
0,36,6366
0,3,6367
0,66,6368
0,24,6369
0,5,637
0,17,6370
0,29,6371
0,49,6372
0,22,6373
0,37,6374
0,47,6375
0,15,6376
0,29,6377
0,72,6378
0,2,6379
0,23,638
0,25,6380
0,20,6381
0,27,6382
0,23,6383
0,49,6384
0,65,6385
0,26,6386
0,74,6387
0,16,6388
0,15,6389
0,11,639
0,12,6390
0,116,6392
0,29,6393
0,16,6394
0,11,6395
0,8,6396
0,10,6397
0,45,6398
0,103,6399
0,3,64
0,32,640
0,2,6400
0,11,6401
0,32,6402
0,18,6404
0,75,6405
0,50,6406
0,10,6407
0,19,6408
0,105,6409
0,53,641
0,7,6410
0,32,6411
0,92,6412
0,60,6413
0,36,6414
0,40,6415
0,15,6416
0,10,6417
0,112,6418
0,31,6419
0,50,642
0,47,6420
0,41,6421
0,42,6422
0,36,6423
0,109,6424
0,39,6425
0,59,6426
0,18,6427
0,15,6428
0,42,6429
0,46,643
0,47,6430
0,7,6431
0,22,6432
0,1,6433
0,11,6434
0,24,6435
0,30,6436
0,41,6437
0,18,6438
0,10,6439
0,5,644
0,10,6440
0,20,6441
0,10,6442
0,1,6443
0,5,6444
0,26,6445
0,10,6446
0,100,6447
0,21,6448
0,29,6449
0,65,645
0,34,6450
0,60,6451
0,3,6452
0,67,6453
0,1,6454
0,48,6455
0,34,6456
0,90,6457
0,32,6459
0,10,646
0,70,6460
0,70,6461
0,44,6463
0,19,6464
0,36,6466
0,82,6467
0,43,6468
0,1,6469
0,67,647
0,18,6470
0,7,6471
0,112,6472
0,49,6473
0,44,6474
0,49,6475
0,80,6476
0,27,6477
0,1,6478
0,22,6479
0,17,648
0,8,6480
0,14,6481
0,29,6482
0,30,6483
0,38,6484
0,38,6485
0,13,6486
0,42,6487
0,22,6488
0,23,6489
0,11,649
0,48,6490
0,80,6491
0,74,6492
0,3,6493
0,79,6494
0,4,6495
0,40,6496
0,85,6497
0,22,6498
0,23,6499
0,24,65
0,63,650
0,9,6500
0,52,6501
0,14,6502
0,22,6503
0,30,6504
0,79,6505
0,46,6506
0,46,6507
0,48,6508
0,3,651
0,14,6510
0,111,6511
0,52,6512
0,23,6513
0,10,6515
0,23,6516
0,18,6517
0,2,6518
0,31,6519
0,36,652
0,30,6520
0,76,6521
0,95,6522
0,21,6523
0,42,6524
0,16,6525
0,69,6526
0,70,6527
0,40,6528
0,8,6529
0,49,653
0,16,6531
0,99,6532
0,28,6533
0,77,6534
0,61,6535
0,31,6536
0,46,6537
0,30,6538
0,16,6539
0,8,654
0,2,6540
0,34,6541
0,2,6542
0,64,6543
0,91,6544
0,29,6545
0,49,6546
0,23,6547
0,11,6548
0,55,6549
0,41,655
0,69,6550
0,95,6551
0,37,6552
0,16,6553
0,25,6554
0,17,6555
0,24,6556
0,1,6557
0,15,6558
0,24,6559
0,29,656
0,45,6560
0,11,6561
0,34,6562
0,33,6563
0,24,6564
0,41,6565
0,35,6566
0,33,6567
0,15,6568
0,21,6569
0,1,657
0,14,6570
0,8,6571
0,13,6572
0,59,6573
0,14,6575
0,18,6576
0,153,6577
0,56,6578
0,42,6579
0,103,658
0,21,6580
0,58,6581
0,41,6582
0,1,6583
0,147,6584
0,5,6585
0,56,6586
0,17,6587
0,10,6588
0,35,6589
0,47,659
0,2,6590
0,43,6591
0,19,6592
0,11,6593
0,54,6594
0,28,6595
0,18,6596
0,5,6597
0,66,6598
0,39,6599
0,79,66
0,15,660
0,24,6600
0,52,6601
0,66,6602
0,30,6603
0,14,6604
0,19,6605
0,26,6606
0,4,6607
0,5,6608
0,2,6609
0,25,661
0,26,6610
0,14,6611
0,55,6612
0,12,6613
0,84,6614
0,80,6615
0,78,6616
0,23,6617
0,30,6618
0,16,6619
0,72,6620
0,89,6621
0,79,6622
0,1,6623
0,108,6624
0,30,6625
0,42,6626
0,31,6627
0,6,6628
0,21,6629
0,71,6630
0,4,6631
0,74,6632
0,35,6633
0,31,6634
0,30,6635
0,32,6636
0,39,6637
0,13,6638
0,35,6639
0,19,664
0,17,6640
0,18,6641
0,58,6642
0,10,6643
0,40,6644
0,13,6645
0,39,6646
0,35,6647
0,36,6648
0,28,6649
0,8,665
0,15,6650
0,19,6651
0,97,6652
0,59,6653
0,43,6654
0,34,6655
0,64,6656
0,16,6657
0,65,6658
0,35,6659
0,9,666
0,7,6660
0,7,6661
0,32,6662
0,34,6663
0,18,6664
0,62,6665
0,32,6666
0,60,6667
0,18,6668
0,40,6669
0,57,667
0,12,6670
0,114,6671
0,18,6672
0,67,6673
0,54,6674
0,37,6675
0,59,6676
0,26,6677
0,18,6678
0,12,6679
0,51,668
0,6,6680
0,13,6681
0,7,6682
0,22,6683
0,62,6684
0,44,6685
0,11,6686
0,27,6687
0,14,6688
0,47,6689
0,6,669
0,24,6690
0,43,6691
0,26,6692
0,18,6693
0,9,6694
0,111,6695
0,14,6696
0,10,6697
0,113,6698
0,26,6699
0,65,67
0,13,670
0,41,6700
0,58,6701
0,3,6702
0,6,6703
0,25,6704
0,97,6705
0,22,6706
0,5,6707
0,32,6708
0,38,6709
0,37,671
0,20,6710
0,41,6711
0,93,6712
0,55,6713
0,8,6714
0,37,6715
0,1,6716
0,39,6717
0,51,6718
0,18,6719
0,103,672
0,13,6720
0,79,6721
0,82,6723
0,39,6724
0,11,6725
0,50,6726
0,24,6727
0,42,6728
0,8,6729
0,32,673
0,77,6730
0,38,6731
0,17,6732
0,9,6734
0,44,6735
0,27,6736
0,9,6737
0,113,6738
0,4,6739
0,52,674
0,13,6740
0,130,6741
0,6,6742
0,21,6743
0,2,6744
0,43,6745
0,52,6746
0,8,6747
0,45,6748
0,13,6749
0,41,675
0,34,6750
0,43,6751
0,39,6752
0,53,6753
0,1,6754
0,46,6755
0,89,6756
0,39,6757
0,1,6758
0,69,6759
0,19,676
0,29,6760
0,71,6761
0,28,6762
0,29,6763
0,78,6764
0,39,6765
0,1,6766
0,55,6767
0,39,6768
0,19,6769
0,101,677
0,50,6770
0,19,6771
0,63,6772
0,27,6773
0,24,6774
0,141,6776
0,83,6777
0,32,6778
0,76,6779
0,33,678
0,8,6780
0,39,6781
0,7,6782
0,31,6783
0,18,6785
0,4,6786
0,67,6787
0,10,6788
0,52,6789
0,55,679
0,37,6790
0,9,6791
0,4,6792
0,57,6793
0,118,6794
0,20,6795
0,78,6796
0,23,6797
0,22,6798
0,21,6799
0,29,68
0,10,680
0,17,6800
0,11,6801
0,1,6802
0,28,6803
0,39,6804
0,24,6805
0,22,6806
0,11,6807
0,18,6808
0,79,6809
0,60,681
0,49,6810
0,38,6811
0,8,6812
0,19,6813
0,48,6815
0,38,6816
0,10,6817
0,5,6818
0,47,682
0,1,6820
0,60,6821
0,26,6822
0,19,6823
0,24,6824
0,36,6825
0,25,6826
0,15,6827
0,51,6828
0,17,6829
0,7,683
0,18,6830
0,31,6831
0,63,6832
0,42,6833
0,79,6834
0,63,6835
0,88,6836
0,100,6837
0,102,6838
0,74,684
0,8,6840
0,11,6841
0,61,6842
0,46,6843
0,26,6844
0,36,6845
0,3,6846
0,60,6847
0,64,6848
0,59,6849
0,67,685
0,27,6850
0,22,6851
0,15,6852
0,47,6853
0,36,6854
0,57,6855
0,38,6856
0,4,6857
0,26,6858
0,1,6859
0,7,686
0,49,6860
0,33,6861
0,24,6862
0,4,6863
0,37,6864
0,83,6865
0,23,6866
0,24,6867
0,43,6868
0,22,6869
0,57,687
0,31,6870
0,55,6871
0,62,6872
0,50,6873
0,46,6874
0,24,6875
0,8,6876
0,37,6877
0,44,6878
0,59,6879
0,3,688
0,91,6880
0,7,6881
0,27,6883
0,74,6884
0,125,6885
0,16,6886
0,14,6887
0,6,6888
0,27,6889
0,10,689
0,3,6890
0,59,6891
0,3,6892
0,115,6893
0,3,6894
0,5,6895
0,2,6896
0,72,6897
0,128,6898
0,19,6899
0,10,69
0,1,690
0,20,6900
0,19,6901
0,53,6902
0,27,6903
0,36,6904
0,29,6905
0,41,6906
0,25,6907
0,111,6908
0,10,6909
0,70,691
0,17,6910
0,102,6911
0,72,6912
0,38,6913
0,4,6914
0,37,6915
0,1,6916
0,27,6917
0,51,6918
0,42,6919
0,57,692
0,31,6920
0,16,6921
0,128,6922
0,1,6923
0,51,6924
0,10,6925
0,38,6926
0,53,6927
0,51,6928
0,67,6929
0,6,693
0,24,6930
0,56,6931
0,43,6932
0,9,6933
0,47,6934
0,5,6935
0,22,6936
0,22,6937
0,88,6938
0,26,6939
0,18,694
0,124,6940
0,35,6941
0,62,6942
0,12,6943
0,39,6944
0,53,6945
0,97,6946
0,54,6947
0,46,6948
0,87,6949
0,35,695
0,20,6950
0,62,6951
0,37,6952
0,58,6953
0,6,6954
0,96,6955
0,28,6956
0,72,6957
0,62,6958
0,6,6959
0,46,696
0,32,6960
0,10,6961
0,8,6962
0,1,6963
0,39,6964
0,24,6965
0,30,6966
0,13,6967
0,38,6968
0,102,6969
0,33,697
0,6,6970
0,11,6971
0,22,6972
0,43,6973
0,57,6974
0,31,6975
0,95,6976
0,39,6977
0,18,6978
0,6,6979
0,20,698
0,10,6980
0,34,6981
0,78,6982
0,83,6983
0,13,6984
0,108,6985
0,31,6986
0,73,6987
0,18,6988
0,41,6989
0,53,699
0,163,6990
0,19,6991
0,3,6992
0,9,6993
0,15,6994
0,30,6995
0,13,6996
0,104,6999
0,15,7
0,52,70
0,10,700
0,1,7000
0,51,7001
0,21,7002
0,68,7003
0,28,7004
0,15,7005
0,12,7006
0,29,7007
0,35,7008
0,46,7009
0,138,701
0,116,7010
0,47,7011
0,24,7012
0,56,7013
0,17,7015
0,62,7016
0,26,7017
0,28,7018
0,36,7019
0,46,702
0,17,7020
0,3,7021
0,19,7022
0,15,7023
0,35,7024
0,3,7025
0,42,7026
0,39,7027
0,56,7028
0,29,7029
0,43,703
0,34,7030
0,2,7031
0,16,7032
0,56,7033
0,15,7034
0,22,7035
0,13,7036
0,17,7037
0,19,7038
0,38,7039
0,56,704
0,56,7040
0,6,7041
0,39,7042
0,29,7043
0,37,7044
0,88,7045
0,24,7046
0,96,7047
0,23,7048
0,20,7049
0,32,705
0,16,7050
0,14,7051
0,8,7052
0,43,7053
0,23,7054
0,46,7055
0,92,7056
0,21,7057
0,1,7058
0,119,7059
0,86,706
0,29,7060
0,36,7061
0,28,7062
0,51,7063
0,33,7064
0,43,7065
0,38,7066
0,33,7067
0,42,7068
0,48,7069
0,67,707
0,3,7070
0,11,7071
0,13,7072
0,6,7073
0,38,7074
0,24,7075
0,4,7076
0,85,7077
0,16,7078
0,102,7079
0,3,708
0,6,7080
0,8,7081
0,3,7082
0,66,7083
0,105,7084
0,24,7085
0,16,7086
0,66,7087
0,1,7088
0,22,7089
0,14,709
0,42,7090
0,56,7091
0,35,7092
0,35,7093
0,57,7094
0,40,7095
0,20,7096
0,11,7097
0,20,7098
0,81,7099
0,32,71
0,88,710
0,13,7100
0,19,7101
0,18,7102
0,26,7103
0,31,7104
0,4,7105
0,93,7106
0,16,7107
0,67,7108
0,88,7109
0,19,711
0,11,7110
0,35,7111
0,64,7112
0,43,7113
0,17,7114
0,118,7115
0,32,7116
0,7,7117
0,20,7118
0,3,7119
0,110,712
0,21,7120
0,75,7121
0,19,7122
0,52,7123
0,90,7124
0,33,7125
0,6,7127
0,13,7128
0,84,7129
0,22,7130
0,20,7131
0,1,7132
0,55,7133
0,81,7134
0,7,7135
0,12,7136
0,52,7137
0,50,7138
0,65,7139
0,23,714
0,77,7140
0,3,7141
0,5,7142
0,19,7143
0,44,7144
0,17,7145
0,4,7146
0,42,7147
0,14,7148
0,17,7149
0,70,715
0,34,7150
0,75,7151
0,49,7152
0,19,7153
0,14,7154
0,45,7155
0,17,7156
0,16,7157
0,4,7158
0,34,7159
0,42,716
0,58,7160
0,32,7161
0,4,7162
0,25,7163
0,26,7164
0,31,7165
0,36,7166
0,85,7167
0,25,7168
0,65,7169
0,109,717
0,3,7170
0,101,7171
0,5,7172
0,45,7173
0,70,7174
0,24,7175
0,61,7176
0,41,7177
0,76,7178
0,70,7179
0,33,718
0,22,7180
0,95,7181
0,4,7182
0,16,7183
0,53,7184
0,38,7185
0,1,7186
0,35,7187
0,1,7188
0,23,7189
0,56,719
0,8,7190
0,69,7191
0,13,7192
0,7,7193
0,25,7194
0,40,7195
0,35,7197
0,46,7198
0,1,7199
0,51,72
0,95,720
0,28,7200
0,30,7201
0,29,7202
0,5,7203
0,48,7204
0,7,7205
0,4,7206
0,55,7207
0,106,7208
0,20,7209
0,18,721
0,34,7210
0,5,7211
0,61,7213
0,19,7214
0,15,7215
0,23,7216
0,8,7217
0,89,7218
0,31,7219
0,101,722
0,23,7220
0,10,7221
0,8,7222
0,43,7223
0,60,7224
0,14,7225
0,57,7226
0,137,7227
0,85,7228
0,19,7229
0,46,723
0,29,7230
0,13,7231
0,1,7232
0,43,7233
0,83,7234
0,25,7235
0,26,7236
0,39,7238
0,51,7239
0,54,724
0,95,7240
0,90,7241
0,6,7242
0,155,7243
0,114,7244
0,47,7245
0,4,7246
0,25,7247
0,29,7248
0,27,7249
0,42,725
0,28,7250
0,8,7251
0,24,7252
0,68,7253
0,29,7254
0,25,7255
0,2,7256
0,4,7257
0,59,7258
0,51,7259
0,58,726
0,28,7260
0,15,7261
0,72,7262
0,3,7263
0,28,7264
0,32,7265
0,55,7267
0,11,7268
0,16,7269
0,38,727
0,8,7270
0,88,7271
0,24,7272
0,1,7273
0,22,7274
0,76,7275
0,45,7276
0,41,7277
0,22,7278
0,48,7279
0,20,728
0,18,7280
0,1,7281
0,12,7282
0,53,7283
0,28,7284
0,49,7285
0,23,7286
0,99,7287
0,70,7288
0,5,7289
0,101,729
0,49,7290
0,7,7291
0,8,7292
0,135,7293
0,60,7294
0,44,7295
0,57,7296
0,38,7297
0,22,7298
0,78,7299
0,35,73
0,20,730
0,14,7300
0,53,7301
0,18,7302
0,46,7303
0,15,7304
0,72,7305
0,48,7306
0,20,7307
0,24,7308
0,15,7309
0,31,731
0,19,7310
0,69,7311
0,34,7312
0,29,7313
0,31,7314
0,34,7315
0,5,7316
0,29,7317
0,80,7318
0,11,7319
0,50,732
0,83,7320
0,37,7321
0,57,7322
0,23,7323
0,78,7324
0,15,7327
0,9,7328
0,29,7329
0,69,733
0,14,7330
0,15,7331
0,78,7332
0,37,7333
0,45,7334
0,18,7335
0,15,7336
0,32,7337
0,47,7338
0,18,7339
0,21,734
0,12,7340
0,17,7341
0,1,7342
0,26,7343
0,34,7344
0,3,7345
0,46,7346
0,13,7347
0,6,7348
0,109,7349
0,19,735
0,62,7350
0,1,7351
0,44,7352
0,2,7353
0,87,7354
0,51,7355
0,9,7356
0,28,7357
0,33,7358
0,8,7359
0,60,736
0,48,7360
0,19,7361
0,68,7362
0,24,7363
0,54,7364
0,59,7365
0,9,7366
0,18,7367
0,44,7368
0,29,737
0,6,7370
0,56,7371
0,41,7373
0,53,7374
0,95,7375
0,7,7376
0,5,7377
0,35,7378
0,78,7379
0,32,738
0,58,7380
0,42,7381
0,41,7382
0,5,7383
0,15,7385
0,8,7386
0,17,7387
0,46,7388
0,37,7389
0,21,739
0,25,7390
0,4,7391
0,21,7392
0,78,7393
0,110,7394
0,52,7395
0,10,7397
0,11,7398
0,38,7399
0,89,740
0,45,7400
0,16,7401
0,20,7402
0,4,7404
0,16,7405
0,57,7406
0,11,7407
0,19,7408
0,23,7409
0,18,741
0,7,7410
0,27,7411
0,81,7412
0,47,7413
0,8,7414
0,52,7415
0,26,7416
0,17,7418
0,1,7419
0,61,742
0,16,7420
0,30,7421
0,44,7422
0,63,7423
0,1,7424
0,16,7425
0,122,7426
0,45,7427
0,94,7428
0,43,7429
0,23,743
0,47,7430
0,19,7431
0,84,7432
0,48,7433
0,53,7434
0,39,7435
0,93,7436
0,5,7437
0,70,7438
0,33,7439
0,1,744
0,59,7440
0,18,7441
0,26,7442
0,60,7443
0,7,7444
0,47,7445
0,72,7446
0,19,7447
0,4,7448
0,3,7449
0,16,7450
0,26,7451
0,79,7452
0,68,7453
0,22,7454
0,7,7455
0,32,7456
0,16,7457
0,50,7458
0,80,7459
0,39,746
0,33,7460
0,6,7461
0,2,7462
0,7,7463
0,67,7464
0,70,7465
0,13,7466
0,74,7467
0,4,7468
0,1,7469
0,41,747
0,79,7470
0,101,7471
0,55,7472
0,61,7473
0,104,7474
0,86,7475
0,15,7476
0,23,7477
0,5,7478
0,34,7479
0,8,748
0,36,7480
0,95,7482
0,8,7483
0,10,7484
0,76,7485
0,38,7486
0,21,7487
0,50,7488
0,15,7489
0,60,749
0,62,7490
0,14,7491
0,23,7492
0,60,7493
0,36,7494
0,99,7495
0,17,7496
0,44,7497
0,10,7498
0,22,7499
0,24,75
0,6,750
0,42,7500
0,32,7501
0,83,7502
0,3,7503
0,91,7504
0,25,7505
0,9,7506
0,3,7507
0,55,7508
0,95,7509
0,24,751
0,12,7510
0,56,7511
0,18,7512
0,44,7513
0,48,7514
0,18,7515
0,17,7516
0,120,7517
0,36,7518
0,22,7519
0,15,752
0,30,7520
0,16,7521
0,32,7522
0,66,7523
0,28,7524
0,44,7525
0,16,7526
0,1,7527
0,48,7528
0,35,7529
0,91,753
0,28,7530
0,18,7531
0,63,7532
0,12,7533
0,28,7534
0,22,7535
0,35,7536
0,42,7537
0,80,7538
0,27,7539
0,27,754
0,7,7540
0,29,7541
0,16,7542
0,1,7543
0,41,7544
0,8,7545
0,3,7546
0,27,7547
0,40,7548
0,10,755
0,2,7550
0,9,7551
0,40,7552
0,93,7553
0,39,7554
0,4,7555
0,28,7556
0,14,7557
0,12,7558
0,7,7559
0,30,756
0,68,7560
0,45,7561
0,21,7562
0,25,7563
0,123,7564
0,28,7565
0,33,7566
0,6,7567
0,24,7568
0,46,7569
0,15,757
0,20,7570
0,7,7571
0,17,7572
0,11,7573
0,2,7574
0,75,7575
0,4,7576
0,18,7577
0,12,7578
0,46,7579
0,13,758
0,4,7580
0,29,7581
0,133,7582
0,28,7583
0,22,7584
0,59,7585
0,75,7586
0,90,7587
0,44,7588
0,8,7589
0,66,759
0,169,7590
0,3,7591
0,69,7592
0,13,7593
0,7,7594
0,63,7595
0,26,7596
0,5,7597
0,45,7598
0,117,7599
0,53,76
0,8,760
0,11,7600
0,69,7601
0,57,7602
0,7,7603
0,31,7604
0,46,7605
0,2,7606
0,7,7607
0,5,7608
0,225,7609
0,2,761
0,94,7610
0,41,7611
0,5,7612
0,34,7613
0,9,7614
0,100,7615
0,45,7616
0,22,7617
0,1,7618
0,10,7619
0,35,762
0,28,7620
0,16,7622
0,7,7623
0,11,7624
0,7,7625
0,12,7626
0,63,7627
0,12,7628
0,11,7629
0,25,7630
0,25,7631
0,19,7632
0,21,7633
0,45,7634
0,58,7635
0,23,7636
0,23,7637
0,7,7638
0,8,7639
0,68,764
0,11,7640
0,75,7641
0,6,7642
0,25,7643
0,19,7644
0,105,7645
0,16,7646
0,45,7647
0,11,7648
0,34,7649
0,27,765
0,73,7650
0,36,7651
0,9,7652
0,22,7653
0,57,7654
0,3,7655
0,25,7656
0,8,7657
0,76,7658
0,51,7659
0,47,766
0,69,7660
0,24,7661
0,30,7662
0,2,7663
0,38,7664
0,47,7665
0,80,7666
0,2,7668
0,36,7669
0,35,767
0,52,7670
0,17,7671
0,41,7672
0,13,7673
0,57,7674
0,2,7675
0,23,7676
0,10,7677
0,16,7678
0,38,7679
0,21,768
0,20,7682
0,43,7683
0,10,7684
0,4,7685
0,22,7686
0,38,7687
0,50,7688
0,32,7689
0,7,769
0,11,7690
0,70,7691
0,25,7692
0,5,7693
0,14,7694
0,21,7695
0,23,7696
0,39,7697
0,12,7698
0,59,7699
0,53,77
0,4,770
0,140,7700
0,20,7701
0,127,7702
0,21,7703
0,54,7704
0,87,7705
0,46,7706
0,52,7707
0,25,7708
0,30,7709
0,44,771
0,25,7710
0,23,7711
0,3,7712
0,80,7713
0,66,7714
0,9,7715
0,5,7716
0,29,7717
0,33,7718
0,70,7719
0,9,772
0,57,7720
0,15,7721
0,15,7722
0,26,7723
0,31,7725
0,29,7726
0,26,7727
0,59,7728
0,41,7729
0,4,773
0,9,7730
0,59,7731
0,43,7732
0,5,7733
0,69,7734
0,4,7735
0,44,7736
0,58,7737
0,27,7738
0,14,7739
0,2,774
0,3,7740
0,21,7741
0,15,7742
0,54,7743
0,52,7744
0,48,7745
0,47,7746
0,18,7747
0,14,7748
0,31,7749
0,47,775
0,4,7750
0,16,7751
0,38,7752
0,28,7753
0,3,7754
0,60,7755
0,40,7756
0,20,7757
0,106,7758
0,42,7759
0,26,776
0,106,7760
0,11,7761
0,74,7762
0,24,7763
0,25,7764
0,14,7765
0,1,7766
0,1,7767
0,13,7768
0,8,7769
0,62,777
0,2,7770
0,11,7771
0,24,7772
0,37,7773
0,55,7774
0,30,7775
0,1,7776
0,72,7777
0,32,7778
0,8,7779
0,95,778
0,48,7780
0,78,7781
0,11,7782
0,12,7783
0,8,7784
0,80,7785
0,26,7786
0,72,7787
0,21,7788
0,20,7789
0,41,779
0,8,7790
0,13,7791
0,38,7792
0,10,7793
0,50,7794
0,105,7795
0,62,7796
0,63,7797
0,2,7798
0,11,7799
0,89,78
0,16,780
0,24,7800
0,135,7801
0,167,7802
0,42,7803
0,70,7804
0,10,7805
0,55,7806
0,17,7807
0,68,7808
0,26,7809
0,4,781
0,30,7810
0,28,7811
0,1,7812
0,18,7813
0,131,7814
0,26,7815
0,51,7816
0,18,7817
0,27,7818
0,24,7819
0,20,782
0,107,7820
0,130,7821
0,41,7822
0,30,7823
0,44,7824
0,50,7825
0,8,7826
0,59,7827
0,39,7828
0,20,7829
0,36,783
0,24,7830
0,25,7831
0,12,7832
0,18,7833
0,36,7834
0,1,7835
0,19,7836
0,33,7837
0,103,7838
0,21,7839
0,18,784
0,21,7840
0,42,7841
0,17,7842
0,66,7843
0,18,7844
0,44,7845
0,16,7846
0,17,7847
0,25,7848
0,28,7849
0,18,785
0,26,7850
0,1,7851
0,33,7852
0,51,7853
0,19,7854
0,34,7855
0,32,7856
0,34,7857
0,89,7858
0,9,7859
0,87,7860
0,12,7861
0,18,7862
0,47,7863
0,27,7864
0,15,7865
0,39,7866
0,63,7867
0,8,7868
0,41,7869
0,2,787
0,13,7870
0,2,7871
0,22,7872
0,53,7873
0,56,7874
0,65,7875
0,19,7876
0,19,7877
0,8,7878
0,21,7879
0,1,788
0,17,7880
0,13,7881
0,2,7882
0,42,7883
0,80,7884
0,15,7885
0,15,7886
0,75,7887
0,33,7888
0,19,7889
0,28,789
0,11,7890
0,59,7891
0,64,7892
0,20,7893
0,31,7894
0,32,7895
0,5,7896
0,14,7897
0,65,7899
0,23,79
0,43,790
0,26,7900
0,83,7901
0,94,7902
0,7,7903
0,34,7904
0,34,7905
0,27,7906
0,17,7907
0,91,7908
0,91,7909
0,65,791
0,42,7910
0,27,7911
0,4,7912
0,21,7913
0,48,7914
0,12,7915
0,53,7916
0,5,7917
0,27,7918
0,15,7919
0,27,792
0,41,7920
0,25,7921
0,27,7922
0,37,7923
0,18,7924
0,27,7925
0,16,7926
0,2,7927
0,36,7928
0,46,7929
0,6,793
0,104,7930
0,48,7932
0,27,7933
0,26,7934
0,23,7935
0,9,7936
0,77,7937
0,36,7939
0,33,794
0,17,7940
0,9,7941
0,6,7942
0,48,7943
0,73,7944
0,142,7945
0,60,7946
0,31,7947
0,46,7948
0,6,7949
0,120,795
0,51,7950
0,22,7951
0,22,7952
0,66,7953
0,26,7954
0,25,7955
0,44,7956
0,56,7958
0,12,796
0,22,7960
0,2,7961
0,68,7962
0,73,7963
0,41,7964
0,9,7965
0,61,7966
0,40,7967
0,50,7968
0,42,7969
0,48,797
0,1,7970
0,27,7971
0,5,7972
0,3,7973
0,54,7974
0,96,7975
0,7,7976
0,45,7977
0,66,7978
0,41,7979
0,4,798
0,48,7980
0,21,7981
0,8,7982
0,22,7983
0,4,7984
0,21,7985
0,53,7986
0,47,7987
0,52,7988
0,20,7989
0,38,799
0,28,7990
0,12,7991
0,9,7992
0,105,7993
0,7,7994
0,15,7995
0,34,7996
0,36,7997
0,17,7998
0,14,7999
0,86,80
0,21,800
0,7,8000
0,43,8001
0,55,8002
0,35,8003
0,38,8004
0,159,8005
0,39,8006
0,29,8007
0,10,8008
0,55,8009
0,130,801
0,7,8010
0,105,8011
0,24,8012
0,50,8013
0,53,8015
0,23,8016
0,6,8018
0,33,8019
0,119,802
0,38,8020
0,20,8021
0,63,8023
0,143,8024
0,56,8025
0,10,8026
0,77,8027
0,13,8028
0,31,8029
0,65,803
0,57,8030
0,27,8031
0,32,8032
0,38,8033
0,9,8034
0,5,8035
0,7,8036
0,17,8037
0,52,8038
0,25,8039
0,24,804
0,28,8040
0,71,8041
0,39,8042
0,40,8043
0,17,8044
0,105,8045
0,3,8046
0,52,8047
0,19,8048
0,39,8049
0,29,805
0,11,8050
0,46,8051
0,42,8052
0,9,8053
0,26,8054
0,51,8055
0,28,8056
0,9,8057
0,34,8058
0,35,8059
0,27,806
0,5,8060
0,42,8061
0,5,8062
0,16,8063
0,3,8064
0,38,8065
0,49,8066
0,53,8067
0,63,8068
0,19,8069
0,19,807
0,63,8070
0,55,8071
0,7,8072
0,14,8073
0,23,8074
0,50,8075
0,97,8077
0,33,8078
0,32,8079
0,6,808
0,32,8080
0,28,8081
0,52,8082
0,112,8083
0,20,8084
0,31,8085
0,37,8086
0,39,8087
0,35,8088
0,22,8089
0,70,809
0,44,8090
0,9,8091
0,17,8092
0,32,8093
0,128,8094
0,42,8095
0,25,8096
0,71,8097
0,17,8098
0,11,8099
0,19,81
0,2,810
0,1,8100
0,1,8101
0,52,8102
0,21,8103
0,53,8104
0,8,8105
0,3,8106
0,21,8107
0,24,8108
0,53,8109
0,57,811
0,51,8110
0,19,8111
0,27,8112
0,3,8113
0,56,8114
0,31,8115
0,45,8116
0,27,8117
0,41,8118
0,8,8119
0,6,812
0,49,8120
0,24,8121
0,17,8122
0,20,8123
0,13,8124
0,92,8125
0,12,8126
0,36,8127
0,69,8128
0,29,8129
0,10,813
0,31,8130
0,5,8131
0,27,8132
0,45,8133
0,5,8134
0,32,8135
0,47,8136
0,56,8137
0,11,8138
0,13,8139
0,6,814
0,19,8140
0,86,8141
0,62,8142
0,86,8143
0,72,8144
0,62,8145
0,13,8146
0,23,8147
0,1,8148
0,24,8149
0,46,815
0,43,8150
0,4,8151
0,45,8152
0,17,8153
0,15,8154
0,43,8155
0,32,8156
0,31,8157
0,67,8158
0,33,8159
0,11,816
0,36,8160
0,3,8161
0,27,8162
0,15,8163
0,6,8164
0,41,8165
0,2,8166
0,46,8167
0,58,8168
0,23,8169
0,22,817
0,40,8170
0,4,8171
0,24,8172
0,28,8173
0,52,8174
0,49,8175
0,30,8176
0,23,8177
0,33,8178
0,10,8179
0,21,818
0,8,8180
0,72,8181
0,49,8182
0,22,8183
0,64,8184
0,41,8185
0,42,8186
0,51,8187
0,1,8188
0,7,8189
0,46,819
0,31,8190
0,42,8191
0,5,8192
0,8,8193
0,34,8194
0,14,8195
0,53,8196
0,53,8197
0,31,8198
0,41,8199
0,49,82
0,60,820
0,46,8200
0,48,8201
0,30,8202
0,5,8203
0,76,8205
0,49,8206
0,22,8207
0,20,8208
0,9,8209
0,37,821
0,24,8210
0,43,8211
0,25,8212
0,57,8213
0,93,8214
0,38,8215
0,16,8216
0,27,8217
0,32,8218
0,13,8219
0,52,822
0,104,8220
0,4,8221
0,113,8222
0,40,8223
0,6,8224
0,26,8225
0,28,8226
0,20,8227
0,60,8228
0,27,8229
0,95,823
0,83,8230
0,15,8231
0,47,8232
0,74,8233
0,97,8234
0,34,8235
0,8,8236
0,10,8237
0,53,8238
0,19,8239
0,32,824
0,104,8240
0,10,8241
0,48,8242
0,33,8243
0,49,8244
0,5,8245
0,13,8247
0,36,8248
0,11,8249
0,7,825
0,30,8250
0,40,8251
0,127,8252
0,24,8254
0,2,8255
0,34,8256
0,1,8257
0,77,8258
0,3,8259
0,30,826
0,25,8260
0,23,8261
0,44,8262
0,2,8263
0,41,8264
0,56,8265
0,2,8266
0,17,8267
0,34,8268
0,37,827
0,273,8270
0,102,8271
0,2,8273
0,34,8274
0,29,8275
0,34,8276
0,9,8277
0,54,8278
0,5,8279
0,5,828
0,69,8280
0,62,8281
0,75,8282
0,21,8283
0,36,8285
0,48,8286
0,7,8287
0,36,8288
0,14,8289
0,69,829
0,1,8290
0,71,8291
0,34,8292
0,12,8293
0,52,8294
0,25,8295
0,54,8297
0,83,8298
0,28,8299
0,50,83
0,14,830
0,56,8300
0,3,8301
0,3,8302
0,34,8303
0,21,8304
0,46,8305
0,4,8306
0,6,8307
0,10,8308
0,70,8309
0,39,831
0,1,8310
0,77,8311
0,56,8312
0,77,8313
0,30,8314
0,59,8315
0,13,8318
0,44,8319
0,39,832
0,68,8320
0,50,8321
0,17,8322
0,16,8323
0,31,8324
0,2,8325
0,35,8326
0,69,8327
0,5,8328
0,13,8329
0,40,833
0,6,8330
0,73,8331
0,12,8332
0,33,8333
0,36,8334
0,13,8335
0,24,8336
0,73,8337
0,19,8338
0,72,8339
0,31,834
0,18,8341
0,17,8342
0,32,8343
0,59,8344
0,12,8345
0,36,8346
0,65,8347
0,20,8348
0,57,8349
0,37,835
0,21,8350
0,20,8351
0,1,8352
0,43,8353
0,41,8354
0,28,8355
0,14,8356
0,67,8357
0,81,8358
0,40,8359
0,47,836
0,2,8360
0,26,8361
0,90,8362
0,17,8363
0,21,8364
0,32,8365
0,1,8366
0,65,8367
0,54,8368
0,22,8369
0,53,8370
0,47,8371
0,2,8372
0,21,8373
0,6,8374
0,23,8375
0,59,8376
0,62,8377
0,58,8378
0,6,8379
0,73,838
0,26,8380
0,26,8381
0,4,8382
0,1,8383
0,27,8384
0,72,8385
0,39,8386
0,30,8387
0,15,8388
0,16,8389
0,21,839
0,60,8390
0,9,8391
0,69,8392
0,2,8393
0,41,8394
0,57,8395
0,91,8396
0,11,8397
0,43,8398
0,55,8399
0,36,84
0,41,840
0,47,8400
0,63,8401
0,46,8402
0,1,8403
0,21,8404
0,23,8405
0,28,8406
0,45,8407
0,10,8408
0,41,8409
0,44,841
0,16,8410
0,50,8411
0,11,8412
0,1,8413
0,22,8414
0,23,8415
0,102,8416
0,16,8417
0,120,8418
0,38,8419
0,23,842
0,6,8420
0,106,8421
0,68,8422
0,17,8423
0,43,8424
0,35,8425
0,75,8426
0,13,8427
0,65,8428
0,65,8429
0,35,843
0,34,8430
0,2,8431
0,66,8432
0,11,8433
0,41,8434
0,78,8435
0,19,8436
0,35,8437
0,140,8438
0,27,8439
0,5,844
0,61,8440
0,11,8441
0,36,8442
0,29,8443
0,48,8444
0,73,8445
0,61,8446
0,61,8447
0,47,8448
0,170,8449
0,45,845
0,78,8450
0,17,8451
0,46,8452
0,16,8453
0,61,8454
0,112,8455
0,20,8456
0,51,8457
0,43,8458
0,87,8459
0,40,846
0,1,8460
0,49,8461
0,10,8462
0,29,8463
0,35,8465
0,3,8466
0,43,8467
0,92,8469
0,46,847
0,38,8470
0,8,8471
0,35,8472
0,15,8473
0,39,8474
0,1,8475
0,89,8476
0,13,8477
0,27,8478
0,12,8479
0,56,848
0,8,8480
0,27,8481
0,2,8482
0,11,8483
0,120,8484
0,22,8485
0,55,8486
0,35,8487
0,16,8488
0,34,8489
0,30,849
0,48,8490
0,3,8491
0,8,8492
0,11,8494
0,46,8495
0,60,8496
0,5,8497
0,25,8498
0,4,8499
0,19,85
0,85,850
0,40,8500
0,15,8501
0,17,8502
0,3,8503
0,61,8504
0,36,8505
0,4,8506
0,18,8507
0,39,8508
0,79,8509
0,11,851
0,56,8510
0,11,8511
0,30,8512
0,100,8513
0,2,8514
0,7,8515
0,28,8516
0,83,8517
0,32,8518
0,11,8519
0,26,852
0,4,8520
0,51,8521
0,22,8522
0,39,8523
0,9,8524
0,40,8525
0,16,8526
0,26,8527
0,54,8528
0,23,8529
0,110,853
0,6,8530
0,2,8531
0,24,8532
0,29,8533
0,12,8534
0,38,8535
0,29,8536
0,63,8537
0,23,8538
0,41,8539
0,98,854
0,31,8540
0,9,8541
0,98,8542
0,105,8543
0,48,8544
0,5,8545
0,58,8546
0,48,8547
0,57,8548
0,15,8549
0,9,855
0,23,8550
0,16,8551
0,36,8552
0,42,8553
0,2,8554
0,11,8555
0,1,8556
0,29,8557
0,56,8558
0,58,8559
0,35,856
0,35,8560
0,9,8561
0,58,8562
0,31,8563
0,41,8564
0,104,8565
0,32,8566
0,19,8567
0,22,8568
0,13,8569
0,56,857
0,49,8570
0,12,8571
0,55,8572
0,81,8573
0,28,8574
0,17,8575
0,8,8576
0,89,8577
0,77,8578
0,1,8579
0,2,858
0,8,8580
0,23,8581
0,52,8582
0,12,8583
0,13,8584
0,66,8585
0,33,8586
0,1,8587
0,45,8588
0,29,8589
0,13,859
0,29,8590
0,16,8591
0,43,8592
0,38,8593
0,15,8594
0,28,8595
0,27,8596
0,10,8597
0,22,8598
0,34,8599
0,40,86
0,21,860
0,35,8600
0,11,8601
0,61,8602
0,12,8604
0,20,8605
0,20,8606
0,20,8607
0,27,8608
0,36,8609
0,24,861
0,4,8610
0,111,8611
0,4,8612
0,47,8613
0,58,8614
0,44,8615
0,43,8616
0,15,8617
0,24,8618
0,6,8619
0,67,862
0,31,8620
0,27,8621
0,11,8622
0,15,8623
0,37,8624
0,27,8625
0,27,8626
0,10,8627
0,31,8628
0,7,8629
0,2,863
0,48,8630
0,160,8631
0,8,8632
0,125,8633
0,174,8634
0,38,8635
0,1,8636
0,88,8637
0,16,8638
0,39,8639
0,41,864
0,23,8640
0,97,8641
0,49,8642
0,137,8643
0,35,8644
0,61,8645
0,49,8646
0,27,8647
0,29,8648
0,83,8649
0,41,865
0,100,8650
0,19,8651
0,23,8652
0,5,8653
0,65,8654
0,23,8655
0,24,8656
0,6,8657
0,26,8658
0,7,8659
0,16,866
0,7,8660
0,43,8661
0,43,8662
0,66,8663
0,14,8665
0,58,8666
0,9,8667
0,24,8668
0,42,8669
0,29,867
0,42,8670
0,21,8671
0,88,8672
0,21,8673
0,3,8674
0,12,8675
0,47,8676
0,71,8677
0,41,8678
0,35,8679
0,58,868
0,19,8680
0,1,8681
0,85,8682
0,44,8683
0,4,8684
0,22,8685
0,7,8686
0,58,8689
0,107,869
0,21,8690
0,82,8691
0,4,8692
0,64,8693
0,31,8694
0,22,8695
0,55,8696
0,96,8697
0,13,8698
0,44,8699
0,40,87
0,9,870
0,86,8700
0,17,8701
0,8,8702
0,8,8703
0,12,8704
0,70,8705
0,34,8706
0,31,8707
0,74,8708
0,18,8709
0,25,871
0,3,8710
0,9,8711
0,19,8712
0,37,8713
0,67,8715
0,20,8716
0,37,8717
0,40,8718
0,51,8719
0,2,872
0,17,8720
0,6,8721
0,5,8722
0,41,8723
0,67,8724
0,13,8725
0,111,8726
0,34,8727
0,16,8728
0,52,8729
0,14,873
0,91,8730
0,14,8731
0,11,8732
0,28,8733
0,6,8734
0,28,8735
0,27,8736
0,9,8737
0,75,8738
0,53,8739
0,44,874
0,35,8740
0,48,8741
0,48,8742
0,88,8743
0,19,8744
0,11,8745
0,5,8746
0,35,8748
0,83,8749
0,57,875
0,32,8750
0,49,8751
0,23,8752
0,12,8753
0,7,8754
0,95,8755
0,54,8756
0,66,8757
0,34,8758
0,23,8759
0,21,876
0,87,8760
0,40,8761
0,34,8762
0,3,8763
0,52,8764
0,26,8765
0,111,8766
0,47,8767
0,18,8768
0,61,8769
0,16,877
0,4,8770
0,35,8771
0,47,8772
0,17,8773
0,21,8774
0,58,8775
0,35,8776
0,10,8777
0,35,8778
0,45,8779
0,33,878
0,92,8780
0,50,8781
0,35,8782
0,119,8783
0,26,8784
0,6,8786
0,83,8787
0,20,8788
0,2,8789
0,76,879
0,11,8791
0,1,8792
0,6,8793
0,53,8794
0,13,8795
0,21,8796
0,98,8797
0,77,8798
0,65,8799
0,61,88
0,18,880
0,66,8800
0,109,8801
0,25,8802
0,3,8803
0,19,8804
0,1,8805
0,12,8806
0,34,8807
0,83,8808
0,9,8809
0,45,881
0,49,8810
0,33,8811
0,70,8812
0,59,8813
0,104,8814
0,1,8815
0,41,8816
0,38,8817
0,70,8818
0,86,8819
0,24,882
0,47,8820
0,106,8821
0,11,8822
0,45,8823
0,87,8824
0,44,8825
0,71,8826
0,46,8827
0,22,8828
0,30,8829
0,1,883
0,29,8830
0,60,8831
0,6,8832
0,61,8833
0,87,8834
0,8,8835
0,24,8836
0,20,8837
0,29,8838
0,69,8839
0,18,884
0,55,8840
0,9,8841
0,58,8842
0,20,8843
0,25,8844
0,3,8846
0,37,8847
0,57,8848
0,35,8849
0,44,8850
0,2,8851
0,11,8852
0,8,8853
0,4,8854
0,126,8855
0,67,8857
0,49,8858
0,38,8859
0,35,886
0,17,8860
0,32,8861
0,67,8862
0,12,8863
0,32,8864
0,14,8865
0,61,8866
0,37,8867
0,70,8868
0,26,8869
0,27,887
0,58,8870
0,21,8871
0,28,8872
0,3,8873
0,39,8874
0,71,8875
0,20,8876
0,84,8877
0,18,8878
0,46,8879
0,50,888
0,23,8880
0,39,8881
0,47,8882
0,35,8883
0,28,8884
0,70,8885
0,69,8886
0,210,8887
0,17,8888
0,69,8889
0,24,889
0,10,8890
0,6,8891
0,93,8892
0,46,8893
0,62,8894
0,49,8895
0,1,8896
0,2,8897
0,16,8898
0,12,8899
0,39,89
0,52,890
0,23,8901
0,28,8903
0,21,8904
0,35,8905
0,70,8906
0,53,8907
0,1,8908
0,33,8909
0,22,891
0,27,8910
0,11,8911
0,8,8912
0,48,8913
0,89,8914
0,11,8915
0,46,8916
0,28,8917
0,5,8918
0,61,8919
0,14,892
0,29,8920
0,1,8922
0,13,8923
0,34,8924
0,11,8925
0,45,8927
0,50,8928
0,9,8929
0,11,893
0,49,8930
0,20,8931
0,49,8932
0,39,8933
0,7,8934
0,27,8935
0,104,8936
0,81,8937
0,23,8938
0,43,8939
0,24,894
0,28,8940
0,39,8941
0,19,8942
0,1,8943
0,106,8944
0,49,8945
0,32,8946
0,11,8947
0,9,8948
0,1,8949
0,50,895
0,55,8950
0,72,8951
0,33,8952
0,69,8953
0,3,8954
0,28,8955
0,16,8956
0,39,8957
0,4,8958
0,8,8959
0,25,896
0,1,8960
0,54,8961
0,73,8962
0,22,8963
0,102,8964
0,22,8965
0,5,8966
0,32,8967
0,36,8968
0,75,8969
0,27,897
0,40,8970
0,20,8971
0,31,8972
0,45,8973
0,38,8974
0,35,8975
0,3,8976
0,38,8977
0,17,8978
0,9,8979
0,41,898
0,23,8980
0,64,8981
0,47,8982
0,38,8983
0,9,8984
0,14,8986
0,14,8987
0,39,8988
0,39,8989
0,37,899
0,33,8990
0,4,8991
0,138,8992
0,46,8993
0,48,8994
0,10,8995
0,8,8996
0,45,8997
0,5,8998
0,14,8999
0,32,9
0,21,90
0,28,900
0,53,9000
0,32,9001
0,90,9002
0,83,9003
0,27,9004
0,55,9005
0,10,9006
0,219,9007
0,19,9008
0,28,9009
0,52,901
0,5,9010
0,20,9011
0,18,9012
0,42,9013
0,54,9014
0,87,9015
0,11,9016
0,9,9017
0,19,9018
0,1,9019
0,64,902
0,34,9020
0,4,9021
0,26,9022
0,39,9023
0,20,9024
0,55,9025
0,90,9026
0,15,9027
0,79,9029
0,50,903
0,30,9030
0,59,9031
0,38,9032
0,10,9033
0,9,9034
0,36,9035
0,7,9036
0,34,9037
0,19,9038
0,16,9039
0,36,904
0,67,9040
0,12,9041
0,35,9042
0,20,9043
0,49,9044
0,24,9045
0,85,9046
0,24,9047
0,111,9048
0,132,9049
0,3,905
0,3,9050
0,7,9051
0,36,9052
0,2,9053
0,10,9054
0,7,9055
0,39,9056
0,8,9057
0,13,9058
0,35,9059
0,49,906
0,23,9060
0,10,9061
0,18,9062
0,3,9063
0,21,9064
0,30,9065
0,26,9066
0,87,9067
0,1,9068
0,9,9069
0,50,907
0,1,9070
0,1,9072
0,65,9073
0,57,9074
0,86,9075
0,62,9076
0,92,9077
0,65,9078
0,23,908
0,36,9080
0,47,9081
0,39,9082
0,72,9083
0,13,9084
0,74,9085
0,5,9086
0,7,9087
0,13,9088
0,48,9089
0,52,909
0,78,9090
0,44,9091
0,54,9092
0,42,9093
0,14,9094
0,33,9095
0,21,9096
0,68,9097
0,24,9098
0,31,9099
0,42,91
0,46,910
0,17,9100
0,8,9101
0,1,9102
0,27,9103
0,47,9104
0,110,9105
0,34,9106
0,39,9107
0,58,9108
0,47,9109
0,1,911
0,24,9110
0,35,9111
0,96,9112
0,15,9113
0,6,9114
0,54,9115
0,32,9116
0,12,9117
0,18,9118
0,49,9119
0,49,912
0,22,9120
0,53,9121
0,19,9122
0,35,9123
0,19,9124
0,11,9125
0,1,9126
0,26,9127
0,7,9128
0,25,9129
0,1,913
0,47,9130
0,21,9131
0,14,9132
0,66,9133
0,19,9134
0,52,9135
0,41,9136
0,25,9137
0,41,9138
0,70,9139
0,11,914
0,16,9140
0,10,9141
0,15,9142
0,53,9143
0,24,9144
0,18,9145
0,79,9146
0,17,9147
0,17,9148
0,62,9149
0,45,915
0,32,9150
0,66,9152
0,18,9153
0,100,9154
0,8,9155
0,32,9156
0,72,9157
0,37,9158
0,96,9159
0,64,916
0,32,9160
0,46,9162
0,72,9163
0,62,9164
0,9,9166
0,38,9167
0,1,9168
0,82,9169
0,35,917
0,43,9170
0,21,9171
0,49,9172
0,49,9173
0,12,9174
0,12,9175
0,13,9176
0,98,9177
0,38,9178
0,1,9179
0,35,918
0,75,9180
0,41,9181
0,22,9182
0,25,9183
0,4,9184
0,30,9185
0,9,9186
0,10,9187
0,9,9188
0,16,9189
0,22,919
0,6,9190
0,30,9191
0,60,9193
0,46,9194
0,12,9195
0,36,9196
0,63,9198
0,56,9199
0,38,92
0,4,920
0,40,9200
0,27,9201
0,1,9202
0,8,9203
0,105,9204
0,15,9205
0,37,9206
0,7,9207
0,67,9208
0,14,9209
0,20,921
0,69,9210
0,11,9211
0,21,9212
0,14,9213
0,21,9214
0,29,9215
0,38,9216
0,62,9217
0,51,9218
0,26,9219
0,39,922
0,4,9220
0,12,9221
0,97,9222
0,10,9223
0,16,9224
0,20,9225
0,49,9226
0,33,9227
0,134,9228
0,3,9229
0,33,923
0,36,9230
0,7,9231
0,35,9232
0,7,9233
0,21,9234
0,38,9235
0,54,9236
0,26,9237
0,3,9238
0,36,9239
0,100,924
0,51,9240
0,22,9241
0,22,9242
0,65,9243
0,59,9244
0,51,9245
0,49,9246
0,154,9247
0,8,9248
0,41,9249
0,8,925
0,66,9250
0,46,9251
0,49,9252
0,51,9254
0,58,9255
0,49,9256
0,10,9257
0,33,9258
0,11,9259
0,27,926
0,15,9260
0,40,9261
0,91,9263
0,2,9264
0,44,9265
0,79,9266
0,19,9267
0,44,9268
0,37,9269
0,55,927
0,21,9270
0,42,9271
0,4,9272
0,50,9273
0,37,9274
0,62,9275
0,1,9276
0,15,9277
0,2,9278
0,115,928
0,21,9280
0,72,9281
0,2,9282
0,27,9283
0,19,9284
0,30,9285
0,24,9286
0,7,9287
0,44,9288
0,4,9289
0,16,929
0,3,9290
0,23,9291
0,11,9292
0,18,9293
0,65,9294
0,22,9296
0,80,9297
0,47,9298
0,81,9299
0,59,93
0,112,930
0,31,9300
0,10,9301
0,20,9303
0,8,9304
0,45,9305
0,17,9306
0,5,9307
0,26,9308
0,51,9309
0,25,931
0,4,9310
0,32,9311
0,83,9312
0,7,9313
0,35,9315
0,23,9316
0,16,9317
0,67,9318
0,39,9319
0,13,932
0,35,9320
0,62,9321
0,24,9322
0,46,9323
0,68,9324
0,9,9325
0,21,9326
0,92,9327
0,23,9329
0,8,933
0,26,9330
0,47,9331
0,67,9332
0,9,9333
0,38,9334
0,5,9335
0,22,9336
0,10,9337
0,1,9338
0,13,9339
0,25,934
0,41,9340
0,9,9341
0,10,9342
0,29,9344
0,46,9345
0,19,9346
0,72,9347
0,13,9348
0,36,9349
0,9,935
0,97,9350
0,43,9351
0,40,9352
0,2,9353
0,110,9354
0,67,9355
0,75,9356
0,18,9357
0,40,9358
0,5,9359
0,4,936
0,40,9360
0,30,9361
0,61,9362
0,66,9363
0,2,9364
0,26,9365
0,43,9366
0,39,9367
0,37,9368
0,14,9369
0,7,937
0,35,9370
0,24,9371
0,20,9372
0,20,9373
0,7,9374
0,71,9375
0,87,9376
0,20,9377
0,41,9378
0,18,9379
0,5,938
0,33,9380
0,40,9381
0,53,9382
0,82,9383
0,11,9384
0,30,9385
0,26,9386
0,21,9387
0,51,9388
0,12,9391
0,15,9392
0,17,9393
0,8,9394
0,34,9395
0,21,9396
0,29,9397
0,11,9398
0,6,9399
0,16,94
0,40,940
0,80,9400
0,2,9401
0,24,9402
0,40,9403
0,78,9404
0,38,9405
0,47,9406
0,53,9407
0,13,9408
0,14,9409
0,93,941
0,15,9410
0,27,9411
0,4,9412
0,3,9413
0,4,9414
0,102,9415
0,41,9416
0,44,9417
0,38,9418
0,22,9419
0,36,942
0,39,9420
0,40,9421
0,63,9422
0,24,9423
0,16,9424
0,24,9425
0,36,9426
0,23,9427
0,12,9428
0,7,943
0,19,9430
0,55,9431
0,37,9432
0,19,9434
0,43,9435
0,11,9436
0,57,9437
0,8,9438
0,15,9439
0,79,944
0,2,9440
0,50,9441
0,19,9442
0,27,9443
0,88,9444
0,41,9445
0,17,9447
0,79,9448
0,27,9449
0,28,945
0,67,9450
0,14,9451
0,82,9452
0,51,9453
0,58,9454
0,52,9455
0,28,9456
0,9,9458
0,97,9459
0,36,946
0,13,9460
0,76,9461
0,159,9462
0,13,9463
0,54,9464
0,63,9466
0,58,9467
0,36,9468
0,17,9469
0,46,947
0,20,9470
0,114,9471
0,48,9472
0,44,9473
0,58,9474
0,69,9475
0,35,9476
0,55,9477
0,24,9478
0,11,9479
0,109,948
0,46,9480
0,32,9481
0,22,9482
0,53,9483
0,47,9484
0,1,9485
0,48,9486
0,72,9487
0,80,9488
0,42,9489
0,25,949
0,26,9490
0,4,9491
0,86,9492
0,53,9493
0,127,9494
0,50,9495
0,34,9496
0,14,9497
0,27,9498
0,26,9499
0,53,95
0,62,950
0,37,9500
0,13,9501
0,28,9502
0,96,9503
0,53,9504
0,39,9505
0,72,9506
0,14,9507
0,41,9508
0,56,9509
0,3,951
0,47,9510
0,41,9511
0,9,9512
0,15,9513
0,6,9514
0,54,9515
0,36,9516
0,36,9517
0,101,9518
0,1,9519
0,75,952
0,11,9520
0,20,9521
0,15,9522
0,48,9523
0,14,9524
0,13,9525
0,34,9526
0,43,9527
0,63,9528
0,14,9529
0,57,953
0,27,9530
0,7,9531
0,11,9532
0,17,9533
0,31,9534
0,75,9535
0,17,9536
0,43,9537
0,50,9538
0,58,9539
0,49,954
0,10,9540
0,80,9541
0,20,9542
0,2,9543
0,21,9544
0,30,9545
0,19,9546
0,17,9547
0,27,9548
0,70,9549
0,6,955
0,118,9550
0,16,9551
0,15,9552
0,97,9554
0,17,9555
0,86,9556
0,40,9557
0,24,9559
0,17,956
0,29,9560
0,17,9561
0,57,9562
0,5,9563
0,68,9564
0,38,9565
0,5,9566
0,10,9567
0,102,9568
0,32,9569
0,6,957
0,48,9570
0,87,9571
0,4,9572
0,36,9573
0,16,9574
0,7,9575
0,50,9576
0,17,9577
0,34,9578
0,19,9579
0,4,958
0,5,9580
0,47,9581
0,8,9583
0,17,9584
0,14,9585
0,9,9586
0,36,9587
0,14,9588
0,58,9589
0,75,959
0,141,9590
0,55,9591
0,23,9592
0,93,9593
0,13,9594
0,14,9595
0,43,9596
0,89,9597
0,9,9598
0,66,9599
0,16,96
0,47,960
0,17,9600
0,49,9601
0,41,9602
0,33,9603
0,36,9604
0,28,9605
0,8,9606
0,1,9607
0,37,9608
0,53,9609
0,36,961
0,75,9610
0,45,9611
0,4,9612
0,32,9613
0,94,9614
0,30,9615
0,83,9616
0,41,9617
0,59,9618
0,68,9619
0,40,962
0,3,9620
0,41,9621
0,18,9622
0,108,9623
0,62,9624
0,56,9625
0,10,9626
0,4,9627
0,34,9628
0,18,9629
0,32,963
0,33,9630
0,19,9631
0,23,9632
0,15,9633
0,24,9634
0,58,9635
0,26,9636
0,61,9637
0,57,9638
0,34,9639
0,76,964
0,41,9640
0,18,9641
0,58,9642
0,26,9643
0,12,9644
0,32,9645
0,129,9646
0,20,9647
0,9,9648
0,5,9649
0,10,965
0,69,9650
0,43,9651
0,5,9652
0,3,9653
0,41,9654
0,41,9655
0,32,9656
0,67,9657
0,67,9658
0,10,9659
0,5,966
0,118,9660
0,16,9661
0,4,9662
0,69,9663
0,4,9664
0,17,9665
0,19,9666
0,54,9667
0,16,9668
0,7,9669
0,48,967
0,67,9670
0,24,9671
0,39,9672
0,23,9673
0,190,9674
0,38,9675
0,45,9676
0,19,9677
0,52,9678
0,29,9679
0,45,968
0,14,9680
0,54,9681
0,12,9682
0,35,9683
0,13,9684
0,64,9685
0,18,9686
0,96,9687
0,38,9688
0,5,9689
0,46,969
0,2,9690
0,47,9691
0,48,9692
0,10,9693
0,36,9694
0,14,9695
0,2,9696
0,69,9697
0,62,9699
0,86,97
0,67,970
0,45,9700
0,20,9701
0,23,9703
0,11,9704
0,20,9705
0,24,9706
0,68,9707
0,14,9708
0,24,9709
0,27,971
0,9,9710
0,34,9711
0,26,9712
0,90,9713
0,47,9714
0,62,9715
0,51,9716
0,62,9717
0,17,9718
0,63,9719
0,6,972
0,3,9720
0,131,9721
0,2,9722
0,27,9723
0,105,9724
0,28,9725
0,37,9726
0,23,9727
0,10,9728
0,52,9729
0,4,973
0,81,9730
0,48,9731
0,27,9732
0,58,9733
0,33,9734
0,42,9735
0,17,9736
0,14,9738
0,26,9739
0,24,974
0,117,9740
0,31,9741
0,79,9742
0,17,9743
0,1,9744
0,23,9745
0,7,9746
0,15,9747
0,33,9748
0,19,9749
0,30,975
0,64,9750
0,4,9751
0,8,9752
0,8,9753
0,52,9754
0,12,9755
0,36,9756
0,59,9757
0,78,9758
0,6,9759
0,15,976
0,16,9760
0,3,9761
0,58,9762
0,32,9763
0,10,9764
0,48,9765
0,9,9766
0,49,9767
0,7,9768
0,71,9769
0,48,977
0,5,9770
0,39,9771
0,7,9772
0,19,9773
0,71,9774
0,64,9775
0,17,9776
0,6,9777
0,45,9778
0,12,9779
0,10,978
0,13,9780
0,50,9782
0,79,9783
0,13,9784
0,19,9785
0,13,9786
0,16,9787
0,28,9788
0,68,9789
0,19,979
0,46,9790
0,5,9791
0,43,9792
0,2,9793
0,12,9794
0,84,9795
0,50,9796
0,43,9797
0,22,9798
0,25,9799
0,53,98
0,30,980
0,79,9800
0,38,9801
0,46,9802
0,135,9803
0,12,9804
0,4,9805
0,9,9806
0,30,9807
0,121,9808
0,2,9809
0,13,981
0,19,9810
0,10,9811
0,21,9812
0,4,9814
0,38,9815
0,27,9816
0,63,9817
0,34,9818
0,27,9819
0,37,982
0,25,9820
0,26,9821
0,2,9822
0,51,9823
0,18,9824
0,28,9825
0,27,9826
0,7,9827
0,1,9828
0,36,9829
0,136,983
0,3,9830
0,22,9831
0,47,9832
0,10,9833
0,22,9834
0,49,9835
0,30,9836
0,48,9837
0,5,9838
0,29,9839
0,33,984
0,24,9840
0,9,9841
0,72,9842
0,20,9843
0,22,9844
0,80,9845
0,109,9846
0,28,9847
0,57,9848
0,17,9849
0,14,985
0,37,9850
0,34,9851
0,14,9852
0,64,9853
0,37,9854
0,13,9855
0,14,9856
0,24,9857
0,67,9858
0,3,9859
0,59,986
0,30,9860
0,4,9861
0,104,9862
0,49,9863
0,5,9864
0,8,9865
0,18,9866
0,25,9867
0,31,9868
0,1,9869
0,12,987
0,29,9870
0,115,9871
0,135,9872
0,10,9873
0,18,9874
0,3,9875
0,1,9876
0,44,9877
0,35,9878
0,5,9879
0,22,988
0,52,9880
0,72,9881
0,74,9882
0,63,9883
0,6,9884
0,8,9885
0,20,9886
0,88,9887
0,34,9888
0,55,9889
0,75,989
0,56,9890
0,55,9891
0,14,9892
0,17,9893
0,17,9894
0,152,9895
0,49,9896
0,46,9897
0,36,9898
0,12,9899
0,50,99
0,10,990
0,32,9900
0,28,9901
0,29,9902
0,51,9903
0,34,9904
0,25,9905
0,32,9906
0,18,9907
0,40,9908
0,56,9909
0,1,991
0,38,9910
0,91,9911
0,9,9912
0,65,9913
0,35,9914
0,88,9915
0,3,9916
0,26,9917
0,14,9918
0,37,9919
0,7,992
0,9,9920
0,90,9921
0,12,9922
0,36,9923
0,33,9924
0,72,9926
0,22,9927
0,30,9928
0,8,9929
0,40,993
0,21,9931
0,74,9932
0,62,9933
0,4,9934
0,8,9935
0,38,9936
0,6,9937
0,38,9938
0,32,9939
0,24,994
0,42,9940
0,38,9942
0,52,9943
0,14,9944
0,59,9945
0,4,9946
0,31,9947
0,24,9948
0,22,9949
0,62,995
0,22,9950
0,5,9951
0,36,9952
0,119,9953
0,14,9954
0,151,9955
0,4,9956
0,66,9957
0,96,9958
0,17,9959
0,25,996
0,33,9960
0,41,9961
0,96,9962
0,12,9963
0,41,9964
0,47,9965
0,4,9966
0,19,9967
0,25,9968
0,31,9969
0,71,997
0,8,9970
0,45,9971
0,33,9972
0,4,9973
0,10,9974
0,46,9975
0,28,9976
0,24,9977
0,15,9978
0,67,9979
0,50,998
0,48,9980
0,18,9981
0,41,9982
0,27,9983
0,2,9984
0,48,9985
0,24,9986
0,55,9987
0,44,9988
0,4,9989
0,3,999
0,100,9990
0,82,9991
0,43,9992
0,40,9993
0,8,9994
0,16,9995
0,30,9996
0,80,9997
0,48,9998
0,42,9999
