Network1,Network2,k_hot_code,Hamming_Distance,number_of_circuits
51,9868,11110101000000000000,9.0,156
131,9811,11111101000000000000,9.0,1824
131,15102,11111101000000000000,9.0,3800
131,15157,11111101000000000000,9.0,912
131,15256,11111101000000000000,9.0,836
134,9811,11111101000000000000,9.0,336
134,15097,11111101000000000000,9.0,182
134,15102,11111101000000000000,9.0,700
134,15150,11111101000000000000,9.0,742
134,15157,11111101000000000000,9.0,168
134,15256,11111101000000000000,9.0,154
134,15258,11111101000000000000,9.0,322
156,9917,11111101000001100000,9.0,93181
156,15100,11111101000001100000,9.0,45881
156,15109,11111101000001100000,9.0,107844
156,15110,11111101000001100000,9.0,192038
157,9645,11110101000001100000,9.0,187956
157,9801,11110101000001100000,9.0,69462
159,15160,11110101000001100000,9.0,5792
160,9921,11111101000001100000,9.0,11872
161,9921,11111101000001100000,9.0,7560
213,15160,11110101000001100000,9.0,704
214,15150,11111101000000000000,9.0,1643
238,9863,11111101000001100000,9.0,142197
238,15201,11111101000001100000,9.0,14178
242,9811,11111101000000000000,9.0,384
242,15052,11111101000000000000,9.0,208
242,15150,11111101000000000000,9.0,848
242,15157,11111101000000000000,9.0,192
326,9636,11111111011100100000,9.0,39273
407,9907,11111111011101100000,9.0,70952
459,14890,11110111000001110000,9.0,309276
459,14902,11110111000001110000,9.0,520998
518,9765,11111101000001110000,9.0,212394
518,9772,11111101000001110000,9.0,374374
518,15118,11111101000001110000,9.0,122668
519,14899,11110111000011110000,9.0,3619887
524,14956,11111111000101110000,9.0,482755
532,14883,11110111000001110000,9.0,331870
533,14934,11111111000011110000,9.0,268686
533,14947,11111111000011110000,9.0,442618
605,14934,11111111000011110000,9.0,215694
605,14955,11111111000011110000,9.0,337608
614,14934,11111111000011110000,9.0,303462
614,14947,11111111000011110000,9.0,499906
629,14994,11111101000011100100,9.0,51975
684,14899,11110111000011110000,9.0,1850472
693,14839,11110111000101100000,9.0,379708
706,14894,11111101000001110000,9.0,105252
706,14903,11111101000001110000,9.0,208740
706,15056,11111101000001110000,9.0,62132
729,14732,11110110011101100000,9.0,43566
735,9221,11110010111100100000,9.0,10904
757,7635,10100001000000000000,9.0,891
757,7637,10100001000000000000,9.0,1881
757,7878,10100001000000000000,9.0,154
757,7880,10100001000000000000,9.0,1419
757,12981,10100001000000000000,9.0,605
757,12983,10100001000000000000,9.0,209
757,13224,10100001000000000000,9.0,528
757,13226,10100001000000000000,9.0,451
784,14054,11111110111100101000,9.0,23160
808,15861,11111010001000000000,9.0,154
809,9292,11111110111100000000,9.0,134135
809,14646,11111110111100000000,9.0,11259
809,14799,11111110111100000000,9.0,40171
809,15771,11111110111100000000,9.0,79647
809,15778,11111110111100000000,9.0,221844
820,9203,11100001000000000000,9.0,19845
852,14629,11110111000010100000,9.0,286
854,9292,11111110111100000000,9.0,261515
893,14091,11111110011110000000,9.0,6757
899,10162,11111110111110000000,9.0,236640
899,10189,11111110111110000000,9.0,616192
899,10192,11111110111110000000,9.0,908976
916,8217,11110010000100000000,9.0,180
929,12739,10101001000000000000,9.0,1232
947,10192,11111110111110000000,9.0,1189113
947,13435,11111110111110000000,9.0,460106
947,15379,11111110111110000000,9.0,362379
953,10197,11111110111100000000,9.0,651558
953,10201,11111110111100000000,9.0,852407
953,13437,11111110111100000000,9.0,509330
953,13603,11111110111100000000,9.0,147994
953,14646,11111110111100000000,9.0,77841
962,15526,11111110111110100001,9.0,94710
971,15534,11111110111010101010,9.0,47040
993,12805,11110111000001110000,9.0,470054
993,14587,11110111000001110000,9.0,1053026
1002,10000,11110010111100001000,9.0,164720
1060,8418,11110010001110000000,9.0,10980
1087,13061,11111001000000000000,9.0,627
1090,7635,10100001000000000000,9.0,1134
1090,7637,10100001000000000000,9.0,2394
1090,12981,10100001000000000000,9.0,770
1090,12983,10100001000000000000,9.0,266
1093,7632,10100001000000000000,9.0,6300
1093,7634,10100001000000000000,9.0,17700
1093,7659,10100001000000000000,9.0,4200
1093,7713,10100001000000000000,9.0,11800
1093,7715,10100001000000000000,9.0,8100
1093,7740,10100001000000000000,9.0,5600
1093,9117,10100001000000000000,9.0,6700
1093,12980,10100001000000000000,9.0,5600
1096,7632,10100001000000000000,9.0,5103
1096,7634,10100001000000000000,9.0,14337
1096,7635,10100001000000000000,9.0,6561
1096,7637,10100001000000000000,9.0,13851
1096,7659,10100001000000000000,9.0,3402
1096,7713,10100001000000000000,9.0,9558
1096,7715,10100001000000000000,9.0,6561
1096,7740,10100001000000000000,9.0,4536
1096,9117,10100001000000000000,9.0,5427
1096,12980,10100001000000000000,9.0,4536
1096,12981,10100001000000000000,9.0,4455
1096,12983,10100001000000000000,9.0,1539
1097,12739,10101001000000000000,9.0,902
1110,10000,11110010111100001000,9.0,186872
1132,8217,11110010000100000000,9.0,180
1135,7341,11110001000000000000,9.0,418
1135,7503,11110001000000000000,9.0,440
1144,7313,10100001000000000000,9.0,4945
1144,7343,10100001000000000000,9.0,7095
1144,7586,10100001000000000000,9.0,21758
1144,12659,10100001000000000000,9.0,2967
1144,12902,10100001000000000000,9.0,7611
1153,9008,10100001000001100000,9.0,108000
1153,12896,10100001000001100000,9.0,72600
1220,9232,11110110111110100000,9.0,224998
1222,9221,11110010111100100000,9.0,120002
1232,9721,11111010111110100000,9.0,809991
1241,15120,11111110111110100000,9.0,188355
1241,15228,11111110111110100000,9.0,175798
1241,15283,11111110111110100000,9.0,77940
1259,15120,11111110111110100000,9.0,363225
1259,15228,11111110111110100000,9.0,339010
1259,15283,11111110111110100000,9.0,150300
1268,14728,11111110111100000000,9.0,72372
1268,14799,11111110111100000000,9.0,128316
1301,9223,11110110111110000000,9.0,31866
1322,9207,11110110111101100000,9.0,433710
1325,14568,11111110111100000000,9.0,28400
1325,14569,11111110111100000000,9.0,47200
1325,14574,11111110111100000000,9.0,128400
1325,14646,11111110111100000000,9.0,32400
1349,15282,11111110111110101100,9.0,116864
1379,14646,11111110111100000000,9.0,22032
1379,14728,11111110111100000000,9.0,44336
1381,9893,11111110111110101001,9.0,139240
1419,14476,11111111111111100000,9.0,1760745
1421,15228,11111110111110100000,9.0,470148
1430,9373,11111110111100100000,9.0,921385
1475,14799,11111110111100000000,9.0,83521
1475,14980,11111110111100000000,9.0,47974
1490,14928,11111110111010001000,9.0,49296
1490,14968,11111110111010001000,9.0,92272
1493,14968,11111110111010001000,9.0,58400
1534,8939,11111111111111100000,9.0,276408
1556,9291,11111010111110000000,9.0,302120
1556,9507,11111010111110000000,9.0,778540
1556,9937,11111010111110000000,9.0,411348
1563,9937,11111010111110000000,9.0,205320
1564,9291,11111010111110000000,9.0,381160
1564,9507,11111010111110000000,9.0,982220
1565,15175,11111010111100000000,9.0,79639
1568,9628,11111110111110000000,9.0,218085
1568,9637,11111110111110000000,9.0,218085
1644,9560,11111110111110001000,9.0,471744
1644,14852,11111110111110001000,9.0,187083
1646,9292,11111110111100000000,9.0,351260
1646,14646,11111110111100000000,9.0,29484
1646,14728,11111110111100000000,9.0,59332
1706,14920,11111110111110100000,9.0,160062
1711,9615,11111110111110100000,9.0,1225890
1715,9618,11111110111110000000,9.0,192584
1715,9637,11111110111110000000,9.0,57722
1720,9615,11111110111110100000,9.0,1214760
1721,9777,11111110111100100000,9.0,1939490
1724,9618,11111110111110000000,9.0,99912
1724,9628,11111110111110000000,9.0,29946
1724,14967,11111110111110000000,9.0,18354
1727,14475,11111110111100001000,9.0,250125
1727,15121,11111110111100001000,9.0,353280
1739,14478,11111110111010101000,9.0,289842
1742,9618,11111110111110000000,9.0,461188
1742,9637,11111110111110000000,9.0,138229
1748,9627,11111110111100101000,9.0,722056
1751,9618,11111110111110000000,9.0,303356
1751,9628,11111110111110000000,9.0,90923
1751,14967,11111110111110000000,9.0,55727
1754,14556,11111110111110000000,9.0,159250
1754,14967,11111110111110000000,9.0,65170
1783,14972,11111110111110000000,9.0,244246
1784,9220,11110110111100100000,9.0,382452
1787,9628,11111110111110000000,9.0,70525
1787,9637,11111110111110000000,9.0,70525
1787,14967,11111110111110000000,9.0,43225
1790,14968,11111110111010001000,9.0,58692
1792,9779,11111110111100111000,9.0,7512938
1792,15125,11111110111100111000,9.0,2879124
1796,9510,11111110111110001000,9.0,232518
1798,9507,11111010111110000000,9.0,1390920
1800,9050,11111110111100100000,9.0,1066000
1800,9782,11111110111100100000,9.0,1273870
1800,14315,11111110111100100000,9.0,466908
1800,14857,11111110111100100000,9.0,792038
1802,14398,11111110111110101100,9.0,390400
1803,9505,11111010111010001000,9.0,210600
1804,9510,11111110111110001000,9.0,285363
1804,9668,11111110111110001000,9.0,690768
1804,14852,11111110111110001000,9.0,187083
1804,15023,11111110111110001000,9.0,75114
1805,9510,11111110111110001000,9.0,156909
1807,9048,11111010111110001000,9.0,720725
1807,9666,11111010111110001000,9.0,686435
1808,9507,11111010111110000000,9.0,552080
1814,14968,11111110111010001000,9.0,107602
1817,14967,11111110111110000000,9.0,94829
1819,9507,11111010111110000000,9.0,4475600
1820,9615,11111110111110100000,9.0,1583640
1820,15127,11111110111110100000,9.0,1304760
1823,9504,11111110111100001000,9.0,1165871
1823,15121,11111110111100001000,9.0,1082368
1826,9045,11111110111110000000,9.0,447678
1826,14556,11111110111110000000,9.0,209950
1832,9622,11111110111100000000,9.0,212400
1832,14397,11111110111100000000,9.0,166320
1832,14568,11111110111100000000,9.0,51120
1832,14569,11111110111100000000,9.0,84960
1832,14964,11111110111100000000,9.0,196560
1835,9504,11111110111100001000,9.0,751143
1835,15121,11111110111100001000,9.0,697344
1870,9740,11111110111110000010,9.0,482625
1873,14480,11111110111110100010,9.0,720372
1876,14156,11111110111100000000,9.0,301410
1876,14397,11111110111100000000,9.0,273042
1876,15032,11111110111100000000,9.0,293136
1876,15072,11111110111100000000,9.0,774210
1878,15067,11111010111100100000,9.0,1153656
1884,14156,11111110111100000000,9.0,144840
1888,9558,11111010111110001100,9.0,918096
1900,9566,11111110111110101100,9.0,3089884
1901,14398,11111110111110101100,9.0,681065
1911,14851,11111010111110001100,9.0,311112
1916,9507,11111010111110000000,9.0,1185900
1967,6328,10100001000000000000,9.0,1568
1967,6382,10100001000000000000,9.0,1568
1967,6490,10100001000000000000,9.0,5600
2075,9811,11111101000000000000,9.0,600
2075,15102,11111101000000000000,9.0,1250
2075,15157,11111101000000000000,9.0,300
2075,15256,11111101000000000000,9.0,275
2078,6430,11111001000000000000,9.0,374
2078,11772,11111001000000000000,9.0,3536
2100,9646,11110101000000000000,9.0,1470
2114,12223,11111111110101110000,9.0,1091200
2210,6211,10100001000000000000,9.0,4875
2210,6490,10100001000000000000,9.0,9750
2235,6211,10100001000000000000,9.0,1325
2235,6490,10100001000000000000,9.0,2650
2237,6211,10100001000000000000,9.0,8800
2237,6490,10100001000000000000,9.0,17600
2238,6211,10100001000000000000,9.0,275
2238,6490,10100001000000000000,9.0,550
2240,6211,10100001000000000000,9.0,6450
2240,6490,10100001000000000000,9.0,12900
2291,6112,10100001000000000000,9.0,325
2291,6211,10100001000000000000,9.0,625
2291,6427,10100001000000000000,9.0,425
2291,11782,10100001000000000000,9.0,900
2318,6435,10100001000001000000,9.0,65513
2319,6439,10100001000001000000,9.0,7279
2321,6435,10100001000001000000,9.0,69715
2321,6439,10100001000001000000,9.0,91615
2352,11843,11111101000001110000,9.0,54125
2362,11526,11111101000001100000,9.0,12314
2362,11528,11111101000001100000,9.0,9306
2368,11831,11111101000000000000,9.0,1661
2379,11788,11110001000000000000,9.0,3405
2396,6439,10100001000001000000,9.0,60240
2399,6112,10100001000000000000,9.0,4069
2399,6427,10100001000000000000,9.0,5321
2399,6490,10100001000000000000,9.0,15650
2399,11782,10100001000000000000,9.0,11268
2400,6112,10100001000000000000,9.0,286
2400,6427,10100001000000000000,9.0,374
2400,6490,10100001000000000000,9.0,1100
2400,11782,10100001000000000000,9.0,792
2402,6112,10100001000000000000,9.0,1976
2402,6427,10100001000000000000,9.0,2584
2402,6490,10100001000000000000,9.0,7600
2402,11782,10100001000000000000,9.0,5472
2416,15227,11110101000000110000,9.0,24601
2425,14883,11110111000001110000,9.0,54737
2425,15207,11110111000001110000,9.0,24511
2425,15216,11110111000001110000,9.0,38608
2453,6211,10100001000000000000,9.0,1750
2453,6328,10100001000000000000,9.0,980
2453,6382,10100001000000000000,9.0,980
2477,9535,11111101000001000000,9.0,36417
2477,9696,11111101000001000000,9.0,8159
2480,6166,10100001000001000000,9.0,5133
2532,6112,10100001000000000000,9.0,598
2532,6211,10100001000000000000,9.0,1150
2532,6382,10100001000000000000,9.0,644
2534,6112,10100001000000000000,9.0,741
2534,6211,10100001000000000000,9.0,1425
2534,6382,10100001000000000000,9.0,798
2561,6112,10100001000000000000,9.0,3510
2561,6211,10100001000000000000,9.0,6750
2561,6382,10100001000000000000,9.0,3780
2604,15037,11111100000011100000,9.0,4191
2619,9554,11110101000000100100,9.0,28752
2622,14902,11110111000001110000,9.0,193234
2623,9557,11110101000001100100,9.0,191256
2628,9554,11110101000000100100,9.0,38336
2628,14884,11110101000000100100,9.0,1424
2628,15046,11110101000000100100,9.0,1120
2632,9657,11110101001000110100,9.0,242198
2669,9646,11110101000000000000,9.0,24304
2675,14568,11111110111100000000,9.0,29110
2675,14569,11111110111100000000,9.0,48380
2675,14574,11111110111100000000,9.0,131610
2675,14728,11111110111100000000,9.0,66830
2678,14568,11111110111100000000,9.0,13845
2678,14569,11111110111100000000,9.0,23010
2678,15139,11111110111100000000,9.0,16380
2690,15120,11111110111110100000,9.0,463710
2690,15228,11111110111110100000,9.0,432796
2690,15283,11111110111110100000,9.0,191880
2699,9721,11111010111110100000,9.0,883890
2715,15067,11111010111100100000,9.0,2360232
2717,9373,11111110111100100000,9.0,1590296
2717,9777,11111110111100100000,9.0,1580432
2742,11801,11111110111100001000,9.0,226969
2743,11799,11111110111100000000,9.0,603837
2743,11855,11111110111100000000,9.0,155142
2744,11799,11111110111100000000,9.0,264005
2751,11801,11111110111100001000,9.0,92576
2754,15200,11111110001100000000,9.0,754
2806,15015,11111010111110100000,9.0,1681316
2817,11587,11111010111110001000,9.0,1046045
2837,14646,11111110111100000000,9.0,22923
2837,14728,11111110111100000000,9.0,46129
2842,14736,11111111111100100010,9.0,907920
2847,15032,11111110111100000000,9.0,31744
2850,14410,11111111111101100000,9.0,1928640
2864,14646,11111110111100000000,9.0,21465
2864,14728,11111110111100000000,9.0,43195
2877,14716,11111111111111001000,9.0,1175551
2887,6239,11111110111100100000,9.0,911812
2887,9050,11111110111100100000,9.0,1802000
2887,14477,11111110111100100000,9.0,1196528
2887,14717,11111110111100100000,9.0,472124
2887,15233,11111110111100100000,9.0,1178508
2902,5591,11111110111100000000,9.0,131089
2902,11753,11111110111100000000,9.0,51667
2902,11799,11111110111100000000,9.0,169519
2905,6404,11111110111110101001,9.0,1579158
2905,6455,11111110111110101001,9.0,1250280
2905,11585,11111110111110101001,9.0,587088
2918,9628,11111110111110000000,9.0,126077
2918,9637,11111110111110000000,9.0,126077
2921,9628,11111110111110000000,9.0,64883
2921,9637,11111110111110000000,9.0,64883
2921,14967,11111110111110000000,9.0,39767
2924,9622,11111110111100000000,9.0,271990
2924,14728,11111110111100000000,9.0,150286
2924,14980,11111110111100000000,9.0,153052
2942,9936,11111110111110000000,9.0,167960
2942,14967,11111110111110000000,9.0,69160
2998,14972,11111110111110000000,9.0,30652
2999,9628,11111110111110000000,9.0,98952
2999,9637,11111110111110000000,9.0,98952
3002,14874,11111110001110000000,9.0,2256
3002,14875,11111110001110000000,9.0,3478
3026,14646,11111110111100000000,9.0,66015
3026,14980,11111110111100000000,9.0,135290
3026,14983,11111110111100000000,9.0,154850
3029,9628,11111110111110000000,9.0,241521
3029,9637,11111110111110000000,9.0,241521
3029,14967,11111110111110000000,9.0,148029
3032,14968,11111110111010001000,9.0,75774
3062,11749,11111110111110000000,9.0,1207051
3066,6530,11111110000100000000,9.0,154
3079,9573,11111110111100000000,9.0,49155
3079,14646,11111110111100000000,9.0,11745
3079,14729,11111110111100000000,9.0,10005
3083,14929,11111110111110000010,9.0,85481
3094,8804,11111110111110100000,9.0,5055855
3094,14906,11111110111110100000,9.0,3003441
3094,15228,11111110111110100000,9.0,1526154
3107,9520,11111110111100001000,9.0,121860
3157,10787,11111110110000000000,9.0,1305
3167,9622,11111110111100000000,9.0,202370
3167,14574,11111110111100000000,9.0,220206
3167,14980,11111110111100000000,9.0,113876
3167,15139,11111110111100000000,9.0,57624
3176,14556,11111110111110000000,9.0,264550
3178,9777,11111110111100100000,9.0,1961120
3178,9782,11111110111100100000,9.0,1625200
3178,14315,11111110111100100000,9.0,595680
3178,14477,11111110111100100000,9.0,903040
3184,9558,11111010111110001100,9.0,450864
3206,9210,11111110111110101000,9.0,941976
3206,14961,11111110111110101000,9.0,784539
3238,10787,11111110110000000000,9.0,1350
3249,14398,11111110111110101100,9.0,277245
3255,9667,11111010111100001000,9.0,5564712
3256,9048,11111010111110001000,9.0,3574115
3256,9666,11111010111110001000,9.0,3404069
3258,14971,11111111111100101000,9.0,175492
3258,15019,11111111111100101000,9.0,537895
3260,14973,11111110111110100010,9.0,167638
3264,9667,11111010111100001000,9.0,2715940
3265,9048,11111010111110001000,9.0,2473165
3265,9666,11111010111110001000,9.0,2355499
3266,9622,11111110111100000000,9.0,392645
3269,9627,11111110111100101000,9.0,1175792
3272,9520,11111110111100001000,9.0,189180
3275,14968,11111110111010001000,9.0,60006
3277,14853,11111010111100100000,9.0,2655337
3286,15015,11111010111110100000,9.0,2097956
3287,9627,11111110111100101000,9.0,783632
3321,14920,11111110111110100000,9.0,256151
3326,14866,11111110111010000010,9.0,26010
3335,9045,11111110111110000000,9.0,170478
3335,9051,11111110111110000000,9.0,91020
3335,9672,11111110111110000000,9.0,295938
3336,9509,11111110111110000000,9.0,3173850
3336,14924,11111110111110000000,9.0,209239
3339,9565,11111111111100101000,9.0,2072300
3339,15019,11111111111100101000,9.0,699890
3339,15070,11111111111100101000,9.0,1762628
3341,14479,11111110111110100000,9.0,375562
3341,14920,11111110111110100000,9.0,245014
3343,14919,11111110111100100010,9.0,88682
3350,14920,11111110111110100000,9.0,579383
3353,9574,11111111111100001000,9.0,292480
3359,14857,11111110111100100000,9.0,1655404
3359,15018,11111110111100100000,9.0,873376
3386,11482,11111110111100101000,9.0,1682711
3399,10787,11111110110000000000,9.0,1260
3457,6522,11110111001100000000,9.0,80300
3459,12517,11111010111110000000,9.0,393900
3459,14066,11111010111110000000,9.0,36360
3461,7146,11111110111110100000,9.0,799968
3461,13941,11111110111110100000,9.0,408720
3495,11629,11110101000011110000,9.0,1107210
3608,13870,11111111111100111000,9.0,1608845
3695,6166,10100001000001000000,9.0,6061
3698,6211,10100001000000000000,9.0,4875
3698,6490,10100001000000000000,9.0,9750
3702,7144,11111010111100000000,9.0,776412
3702,12013,11111010111100000000,9.0,333333
3702,12526,11111010111100000000,9.0,921375
3704,12040,11111110111010001000,9.0,255118
3706,7151,11111110111100001000,9.0,448188
3706,7169,11111110111100001000,9.0,1633632
3707,8596,11111110111110000000,9.0,1669247
3707,8604,11111110111110000000,9.0,707766
3707,8688,11111110111110000000,9.0,84352
3707,12573,11111110111110000000,9.0,361132
3707,14031,11111110111110000000,9.0,185838
3725,6724,11111110111100000000,9.0,42064
3725,11799,11111110111100000000,9.0,34936
3725,13528,11111110111100000000,9.0,17952
3771,11788,11110001000000000000,9.0,4540
3776,6435,10100001000001000000,9.0,50233
3779,6112,10100001000000000000,9.0,2769
3779,6211,10100001000000000000,9.0,5325
3779,6427,10100001000000000000,9.0,3621
3779,11782,10100001000000000000,9.0,7668
3787,7250,11111110111100100000,9.0,2612050
3806,13531,11111110111100001000,9.0,25398
3827,6484,11111101000001100000,9.0,40128
3854,6430,11111001000000000000,9.0,1320
3854,6433,11111001000000000000,9.0,1680
3860,11784,11110001000001000000,9.0,25690
3864,6605,11111110111100001000,9.0,904187
3864,7091,11111110111100001000,9.0,797193
3864,7100,11111110111100001000,9.0,927866
3864,8072,11111110111100001000,9.0,682306
3864,8543,11111110111100001000,9.0,3051960
3864,12419,11111110111100001000,9.0,238544
3864,12490,11111110111100001000,9.0,724402
4026,8449,11111111111100001000,9.0,1522114
4053,11528,11111101000001100000,9.0,4059
4092,11629,11110101000011110000,9.0,553605
4108,8360,11111110111110001000,9.0,1355492
4108,11960,11111110111110001000,9.0,93832
4108,12014,11111110111110001000,9.0,144552
4108,13391,11111110111110001000,9.0,247260
4109,12040,11111110111010001000,9.0,150444
4135,7902,11110101000000000000,9.0,5475
4135,11058,11110101000000000000,9.0,300
4135,11142,11110101000000000000,9.0,3575
4135,13011,11110101000000000000,9.0,600
4135,13092,11110101000000000000,9.0,2450
4138,7902,11110101000000000000,9.0,10731
4138,11142,11110101000000000000,9.0,7007
4142,7753,11111101000000000000,9.0,210
4143,11096,11110101000001100100,9.0,173502
4144,7904,11110101000001000000,9.0,90820
4144,11067,11110101000001000000,9.0,40630
4144,11069,11110101000001000000,9.0,91059
4144,11150,11110101000001000000,9.0,35133
4144,11321,11110101000001000000,9.0,25334
4144,13040,11110101000001000000,9.0,48995
4145,7902,11110101000000000000,9.0,25623
4145,11142,11110101000000000000,9.0,16731
4145,13006,11110101000000000000,9.0,20007
4145,13011,11110101000000000000,9.0,2808
4145,13092,11110101000000000000,9.0,11466
4146,11062,11110101000001100000,9.0,51744
4146,11065,11110101000001100000,9.0,205016
4146,11092,11110101000001100000,9.0,559384
4146,11143,11110101000001100000,9.0,63112
4146,11147,11110101000001100000,9.0,161112
4146,11287,11110101000001100000,9.0,73696
4146,13007,11110101000001100000,9.0,150136
4146,13087,11110101000001100000,9.0,39200
4146,13088,11110101000001100000,9.0,118776
4146,13090,11110101000001100000,9.0,84672
4146,13253,11110101000001100000,9.0,168168
4147,7902,11110101000000000000,9.0,64824
4147,11142,11110101000000000000,9.0,42328
4149,11327,11110111000001110000,9.0,455516
4152,11287,11110101000001100000,9.0,221088
4153,11321,11110101000001000000,9.0,162816
4156,7752,11110101000001100000,9.0,23274
4157,11080,11110101000001000000,9.0,40950
4158,7225,11111010111100001000,9.0,902376
4158,13705,11111010111100001000,9.0,2297440
4161,7144,11111010111100000000,9.0,858888
4161,12526,11111010111100000000,9.0,1019250
4163,7138,11111110111110101000,9.0,5797561
4165,7218,11111110111100110000,9.0,2398056
4165,8687,11111110111100110000,9.0,1060152
4166,7147,11111110111100101000,9.0,2647920
4168,8634,11111010000100000000,9.0,1288
4168,13818,11111010000100000000,9.0,598
4169,6972,11111110111100000000,9.0,214671
4169,6973,11111110111100000000,9.0,368321
4169,7134,11111110111100000000,9.0,339347
4169,12496,11111110111100000000,9.0,219500
4169,13791,11111110111100000000,9.0,23706
4169,13792,11111110111100000000,9.0,41266
4188,11150,11110101000001000000,9.0,60270
4188,12925,11110101000001000000,9.0,100040
4188,12931,11110101000001000000,9.0,69700
4191,11011,11110101000001110000,9.0,364350
4192,11142,11110101000000000000,9.0,16302
4197,11150,11110101000001000000,9.0,169197
4197,11206,11110101000001000000,9.0,172650
4197,12925,11110101000001000000,9.0,280844
4197,12931,11110101000001000000,9.0,195670
4198,10982,11110101000001100000,9.0,123838
4198,11009,11110101000001100000,9.0,247243
4198,11013,11110101000001100000,9.0,83136
4198,11015,11110101000001100000,9.0,102621
4198,13088,11110101000001100000,9.0,131199
4200,10981,11110101000001100000,9.0,137880
4200,10982,11110101000001100000,9.0,219076
4200,10985,11110101000001100000,9.0,394490
4200,11009,11110101000001100000,9.0,437386
4200,11143,11110101000001100000,9.0,123326
4200,11147,11110101000001100000,9.0,314826
4200,13087,11110101000001100000,9.0,76600
4200,13088,11110101000001100000,9.0,232098
4200,13090,11110101000001100000,9.0,165456
4200,13198,11110101000001100000,9.0,72004
4201,10980,11110101000001000000,9.0,80801
4201,13172,11110101000001000000,9.0,219317
4214,14037,11111110111100001000,9.0,1167600
4214,14038,11111110111100001000,9.0,2329600
4215,7225,11111010111100001000,9.0,2134989
4222,12201,11111010000100000000,9.0,143
4222,13818,11111010000100000000,9.0,338
4223,8448,11111110111110000000,9.0,729072
4223,8688,11111110111110000000,9.0,62464
4223,8692,11111110111110000000,9.0,1312720
4223,13632,11111110111110000000,9.0,272304
4223,13795,11111110111110000000,9.0,1025776
4228,8426,11111110111100001001,9.0,175616
4228,8510,11111110111100001001,9.0,105728
4228,13613,11111110111100001001,9.0,91616
4228,13637,11111110111100001001,9.0,266784
4228,13883,11111110111100001001,9.0,188608
4232,13776,11111110111110101000,9.0,373560
4237,8291,11111110111100101000,9.0,134890
4237,14054,11111110111100101000,9.0,5640
4266,7142,11111110111110001000,9.0,219410
4266,7172,11111110111110001000,9.0,492840
4266,8360,11111110111110001000,9.0,791060
4266,12515,11111110111110001000,9.0,237910
4266,13877,11111110111110001000,9.0,73630
4270,7065,11111010111100101000,9.0,2580357
4270,12402,11111010111100101000,9.0,2545758
4270,12483,11111010111100101000,9.0,3450795
4271,12490,11111110111100001000,9.0,864822
4272,7061,11111110111100000000,9.0,232397
4272,12496,11111110111100000000,9.0,203500
4273,7146,11111110111110100000,9.0,1296102
4273,12485,11111110111110100000,9.0,1394169
4273,13941,11111110111110100000,9.0,662205
4275,7070,11111110111100001000,9.0,78540
4275,7079,11111110111100001000,9.0,213752
4275,7082,11111110111100001000,9.0,185416
4275,7100,11111110111100001000,9.0,162932
4275,7151,11111110111100001000,9.0,78078
4275,8513,11111110111100001000,9.0,155540
4275,12263,11111110111100001000,9.0,165396
4275,12416,11111110111100001000,9.0,52052
4275,12419,11111110111100001000,9.0,41888
4275,13640,11111110111100001000,9.0,161238
4275,13721,11111110111100001000,9.0,174482
4275,13859,11111110111100001000,9.0,94094
4277,12499,11111111111100001000,9.0,298768
4278,7055,11111110111110000000,9.0,112750
4278,7073,11111110111110000000,9.0,66830
4278,7154,11111110111110000000,9.0,74415
4278,8378,11111110111110000000,9.0,182245
4278,8540,11111110111110000000,9.0,144730
4278,12500,11111110111110000000,9.0,69905
4278,13952,11111110111110000000,9.0,160515
4280,12282,11111110000100000000,9.0,396
4281,6917,11111110111100100000,9.0,183300
4281,7148,11111110111100100000,9.0,315744
4281,7157,11111110111100100000,9.0,635232
4281,8507,11111110111100100000,9.0,309660
4281,12475,11111110111100100000,9.0,385944
4281,12494,11111110111100100000,9.0,134004
4281,12503,11111110111100100000,9.0,259584
4281,13880,11111110111100100000,9.0,240084
4285,7050,11111010111100000000,9.0,92274
4285,7089,11111010111100000000,9.0,112294
4285,12237,11111010111100000000,9.0,31486
4285,12432,11111010111100000000,9.0,89635
4285,12489,11111010111100000000,9.0,74802
4285,13857,11111010111100000000,9.0,49959
4285,13893,11111010111100000000,9.0,6461
4299,12793,11111101000000100000,9.0,1512
4299,12875,11111101000000100000,9.0,7812
4303,5478,11111101000000000000,9.0,416
4303,5480,11111101000000000000,9.0,1508
4303,7421,11111101000000000000,9.0,884
4303,10821,11111101000000000000,9.0,377
4303,10824,11111101000000000000,9.0,507
4303,10826,11111101000000000000,9.0,754
4303,10902,11111101000000000000,9.0,286
4303,11402,11111101000000000000,9.0,156
4303,12770,11111101000000000000,9.0,572
4303,12792,11111101000000000000,9.0,455
4309,5969,11110001000001000000,9.0,3422
4312,12864,11111101000000110000,9.0,61632
4319,13257,11100001000001100000,9.0,171189
4320,7144,11111010111100000000,9.0,601032
4320,12013,11111010111100000000,9.0,258038
4320,12523,11111010111100000000,9.0,724662
4320,12526,11111010111100000000,9.0,713250
4320,13567,11111010111100000000,9.0,103976
4322,12490,11111110111100001000,9.0,1182832
4322,14037,11111110111100001000,9.0,1194288
4322,14038,11111110111100001000,9.0,2382848
4323,7225,11111010111100001000,9.0,1788444
4325,12084,11111110111100100000,9.0,550206
4325,12093,11111110111100100000,9.0,188718
4325,12094,11111110111100100000,9.0,572799
4325,12121,11111110111100100000,9.0,526284
4325,12492,11111110111100100000,9.0,1047252
4325,13578,11111110111100100000,9.0,687093
4325,13950,11111110111100100000,9.0,552864
4325,14029,11111110111100100000,9.0,3836823
4326,8222,11111110111100000000,9.0,95942
4326,12496,11111110111100000000,9.0,269500
4326,14036,11111110111100000000,9.0,82467
4330,6672,11111010000100000000,9.0,121
4330,8634,11111010000100000000,9.0,616
4354,10740,11110101000000000000,9.0,840
4354,12684,11110101000000000000,9.0,1246
4363,5394,11110001000000000000,9.0,2499
4363,5396,11110001000000000000,9.0,14841
4363,12711,11110001000000000000,9.0,3060
4368,11206,11110101000001000000,9.0,316050
4374,7258,11111010111111000000,9.0,2068230
4376,14037,11111110111100001000,9.0,1255170
4376,14038,11111110111100001000,9.0,2504320
4377,6614,11111110111110100000,9.0,858844
4377,8522,11111110111110100000,9.0,1182154
4377,12112,11111110111110100000,9.0,1231894
4377,13418,11111110111110100000,9.0,474188
4377,14039,11111110111110100000,9.0,1740900
4380,8231,11111110111110101000,9.0,160454
4380,12596,11111110111110101000,9.0,826798
4380,13889,11111110111110101000,9.0,1271368
4384,6564,11111010011110000000,9.0,5746
4384,13557,11111010011110000000,9.0,2754
4393,6591,11111010000100000000,9.0,1551
4393,13404,11111010000100000000,9.0,429
4394,8683,11111110111100000000,9.0,2473929
4416,5942,11111111000001110000,9.0,50244
4416,5945,11111111000001110000,9.0,175064
4425,5870,11111111000001110000,9.0,385506
4425,5942,11111111000001110000,9.0,103191
4425,5945,11111111000001110000,9.0,359546
4425,11297,11111111000001110000,9.0,332937
4428,12406,11111010111100000010,9.0,432174
4433,7146,11111110111110100000,9.0,1748648
4433,13941,11111110111110100000,9.0,893420
4435,7148,11111110111100100000,9.0,2331648
4435,12492,11111110111100100000,9.0,907776
4435,12494,11111110111100100000,9.0,989568
4435,13950,11111110111100100000,9.0,479232
4437,6569,11111110111110100000,9.0,108696
4437,6614,11111110111110100000,9.0,43512
4437,6695,11111110111110100000,9.0,78372
4437,7052,11111110111110100000,9.0,64260
4437,8612,11111110111110100000,9.0,96768
4437,11942,11111110111110100000,9.0,55272
4437,13418,11111110111110100000,9.0,24024
4437,13499,11111110111110100000,9.0,56112
4463,10821,11111101000000000000,9.0,2842
4463,10822,11111101000000000000,9.0,3724
4463,10902,11111101000000000000,9.0,2156
4463,10903,11111101000000000000,9.0,2940
4463,12792,11111101000000000000,9.0,3430
4464,5503,11110101000001100000,9.0,115430
4464,11065,11110101000001100000,9.0,44455
4464,11092,11110101000001100000,9.0,121295
4464,11147,11110101000001100000,9.0,34935
4464,11149,11110101000001100000,9.0,15300
4464,11176,11110101000001100000,9.0,28390
4464,13012,11110101000001100000,9.0,13770
4464,13013,11110101000001100000,9.0,36890
4464,13039,11110101000001100000,9.0,12580
4464,13090,11110101000001100000,9.0,18360
4464,13093,11110101000001100000,9.0,23970
4467,11062,11110101000001100000,9.0,6600
4467,11143,11110101000001100000,9.0,8050
4467,11149,11110101000001100000,9.0,9000
4467,11176,11110101000001100000,9.0,16700
4467,13007,11110101000001100000,9.0,19150
4467,13012,11110101000001100000,9.0,8100
4467,13013,11110101000001100000,9.0,21700
4467,13039,11110101000001100000,9.0,7400
4467,13087,11110101000001100000,9.0,5000
4467,13088,11110101000001100000,9.0,15150
4467,13093,11110101000001100000,9.0,14100
4470,13118,11110101000101100000,9.0,67635
4471,11063,11110101000000100100,9.0,18240
4471,13010,11110101000000100100,9.0,19038
4471,13037,11110101000000100100,9.0,25194
4471,13089,11110101000000100100,9.0,8208
4480,7752,11110101000001100000,9.0,12393
4483,13575,11111010111100100000,9.0,14288
4499,7698,11111101000000000000,9.0,533
4499,10821,11111101000000000000,9.0,377
4499,10822,11111101000000000000,9.0,494
4499,10902,11111101000000000000,9.0,286
4499,10903,11111101000000000000,9.0,390
4499,12801,11111101000000000000,9.0,403
4515,5422,11110101000001100000,9.0,67782
4515,10768,11110101000001100000,9.0,53352
4515,10981,11110101000001100000,9.0,14040
4515,10982,11110101000001100000,9.0,22308
4515,10985,11110101000001100000,9.0,40170
4515,11009,11110101000001100000,9.0,44538
4515,11143,11110101000001100000,9.0,12558
4515,11147,11110101000001100000,9.0,32058
4515,13087,11110101000001100000,9.0,7800
4515,13088,11110101000001100000,9.0,23634
4515,13090,11110101000001100000,9.0,16848
4517,10902,11111101000000000000,9.0,6710
4517,10903,11111101000000000000,9.0,9150
4525,10764,11110101000001110000,9.0,180024
4525,11007,11110101000001110000,9.0,155688
4526,10764,11110101000001110000,9.0,311580
4526,11007,11110101000001110000,9.0,269460
4526,11011,11110101000001110000,9.0,567000
4570,10982,11110101000001100000,9.0,62634
4570,10983,11110101000001100000,9.0,30660
4570,10985,11110101000001100000,9.0,112785
4570,11009,11110101000001100000,9.0,125049
4570,11061,11110101000001100000,9.0,36135
4570,11064,11110101000001100000,9.0,33069
4570,12927,11110101000001100000,9.0,33945
4570,12954,11110101000001100000,9.0,20148
4570,13007,11110101000001100000,9.0,83877
4570,13008,11110101000001100000,9.0,11826
4570,13035,11110101000001100000,9.0,33069
4594,6909,11111010111010001000,9.0,44030
4601,13632,11111110111110000000,9.0,331452
4609,13476,11111010000110000000,9.0,671
4658,11799,11111110111100000000,9.0,99250
4688,11799,11111110111100000000,9.0,170313
4697,11799,11111110111100000000,9.0,82576
4735,11589,11110010111010001000,9.0,31928
4736,11749,11111110111110000000,9.0,31008
4761,11587,11111010111110001000,9.0,392535
4763,11749,11111110111110000000,9.0,201229
4768,11858,11111110111100101000,9.0,1005255
4772,11749,11111110111110000000,9.0,202521
4776,11747,11111110111110000000,9.0,35805
4776,11749,11111110111110000000,9.0,150195
4777,5591,11111110111100000000,9.0,318052
4777,11855,11111110111100000000,9.0,105672
4824,11753,11111110111100000000,9.0,53240
4846,6461,11111110111100001000,9.0,1250448
4846,11801,11111110111100001000,9.0,344004
4848,5594,11111110111111101000,9.0,603438
5141,11482,11111110111100101000,9.0,813688
5182,10787,11111110110000000000,9.0,5265
5351,15139,11111110111100000000,9.0,32844
5351,15778,11111110111100000000,9.0,624036
5477,15147,11111101000001000000,9.0,12825
5478,15097,11111101000000000000,9.0,416
5478,15157,11111101000000000000,9.0,384
5478,15256,11111101000000000000,9.0,352
5479,15102,11111101000000000000,9.0,800
5479,15150,11111101000000000000,9.0,848
5479,15258,11111101000000000000,9.0,368
5480,15097,11111101000000000000,9.0,1508
5480,15102,11111101000000000000,9.0,5800
5480,15150,11111101000000000000,9.0,6148
5480,15157,11111101000000000000,9.0,1392
5480,15256,11111101000000000000,9.0,1276
5480,15258,11111101000000000000,9.0,2668
5507,15156,11111101010001110000,9.0,33142
5587,15147,11111101000001000000,9.0,15000
5591,13603,11111110111100000000,9.0,47278
5591,13605,11111110111100000000,9.0,130475
5591,13606,11111110111100000000,9.0,223189
5591,14980,11111110111100000000,9.0,50962
5591,14983,11111110111100000000,9.0,58330
5591,15540,11111110111100000000,9.0,341691
5877,14890,11110111000001110000,9.0,1180476
6021,14899,11110111000011110000,9.0,2245872
6040,14889,11110111000011110000,9.0,692835
6041,14889,11110111000011110000,9.0,554455
6079,13977,11111010111100100000,9.0,841852
6079,14058,11111010111100100000,9.0,504507
6092,14574,11111110111100000000,9.0,25359
6092,14799,11111110111100000000,9.0,22831
6092,15771,11111110111100000000,9.0,45267
6112,12981,10100001000000000000,9.0,715
6112,12983,10100001000000000000,9.0,247
6112,13224,10100001000000000000,9.0,624
6112,13226,10100001000000000000,9.0,533
6123,14750,11110101000001110000,9.0,108580
6124,14507,11111101000001100000,9.0,53808
6146,14556,11111110111110000000,9.0,63375
6146,14638,11111110111110000000,9.0,59670
6155,14392,11111110011100000000,9.0,32045
6175,12885,11110101000001110000,9.0,467610
6175,14352,11110101000001110000,9.0,573122
6175,14750,11110101000001110000,9.0,213422
6185,14497,11110110111110000000,9.0,29394
6200,14394,11111110111110001000,9.0,33784
6200,14395,11111110111110001000,9.0,84769
6211,12902,10100001000000000000,9.0,4425
6211,12981,10100001000000000000,9.0,1375
6211,12983,10100001000000000000,9.0,475
6211,13224,10100001000000000000,9.0,1200
6211,13226,10100001000000000000,9.0,1025
6239,13578,11111110111100100000,9.0,261602
6239,13593,11111110111100100000,9.0,71852
6328,12659,10100001000000000000,9.0,966
6374,12739,10101001000000000000,9.0,506
6382,12659,10100001000000000000,9.0,966
6382,13224,10100001000000000000,9.0,672
6382,13226,10100001000000000000,9.0,574
6404,13516,11111110111110101001,9.0,1119587
6416,13737,11111010001000000000,9.0,168
6427,12981,10100001000000000000,9.0,935
6427,12983,10100001000000000000,9.0,323
6430,12851,11111001000000000000,9.0,341
6430,13061,11111001000000000000,9.0,627
6433,13061,11111001000000000000,9.0,798
6437,12739,10101001000000000000,9.0,308
6450,12719,11101001000001000000,9.0,19516
6490,12659,10100001000000000000,9.0,3450
6490,12902,10100001000000000000,9.0,8850
6536,12739,10101001000000000000,9.0,132
6587,15232,11111010111110001000,9.0,287918
6605,14475,11111110111100001000,9.0,747475
6605,15121,11111110111100001000,9.0,1055744
6605,15286,11111110111100001000,9.0,625817
6614,15120,11111110111110100000,9.0,225330
6614,15228,11111110111110100000,9.0,210308
6614,15283,11111110111110100000,9.0,93240
6674,14568,11111110111100000000,9.0,44304
6674,14569,11111110111100000000,9.0,73632
6674,15139,11111110111100000000,9.0,52416
6693,15013,11111010111110100000,9.0,468435
6695,15120,11111110111110100000,9.0,405855
6695,15283,11111110111110100000,9.0,167940
6724,14646,11111110111100000000,9.0,38718
6724,14729,11111110111100000000,9.0,32982
6752,14646,11111110111100000000,9.0,30861
6752,14728,11111110111100000000,9.0,62103
6774,14636,11111110111110000000,9.0,55014
6774,14638,11111110111110000000,9.0,158814
6776,14646,11111110111100000000,9.0,69579
6776,14728,11111110111100000000,9.0,140017
6836,14983,11111110111100000000,9.0,239400
6839,14968,11111110111010001000,9.0,65700
6920,14968,11111110111010001000,9.0,90374
6972,14728,11111110111100000000,9.0,79707
6972,14729,11111110111100000000,9.0,33741
6973,14646,11111110111100000000,9.0,67959
6973,14729,11111110111100000000,9.0,57891
7052,14920,11111110111110100000,9.0,198135
7055,14967,11111110111110000000,9.0,73150
7061,14964,11111110111100000000,9.0,155883
7061,14983,11111110111100000000,9.0,108490
7061,15072,11111110111100000000,9.0,374005
7061,15139,11111110111100000000,9.0,47964
7064,14574,11111110111100000000,9.0,191958
7064,14980,11111110111100000000,9.0,99268
7064,15139,11111110111100000000,9.0,50232
7066,14907,11111010111110101000,9.0,1015956
7067,14919,11111110111100100010,9.0,599082
7070,15121,11111110111100001000,9.0,522240
7073,14556,11111110111110000000,9.0,105950
7073,14967,11111110111110000000,9.0,43358
7091,14475,11111110111100001000,9.0,659025
7091,15121,11111110111100001000,9.0,930816
7094,14973,11111110111110100010,9.0,370668
7097,14967,11111110111110000000,9.0,106799
7100,14475,11111110111100001000,9.0,767050
7100,15121,11111110111100001000,9.0,1083392
7134,14567,11111110111100000000,9.0,63386
7134,14980,11111110111100000000,9.0,128318
7134,15032,11111110111100000000,9.0,191704
7134,15139,11111110111100000000,9.0,64932
7136,14574,11111110111100000000,9.0,323247
7136,14980,11111110111100000000,9.0,167162
7136,15139,11111110111100000000,9.0,84588
7138,14961,11111110111110101000,9.0,3034381
7145,14574,11111110111100000000,9.0,173019
7145,14980,11111110111100000000,9.0,89474
7145,15139,11111110111100000000,9.0,45276
7146,15127,11111110111110100000,9.0,839710
7148,14857,11111110111100100000,9.0,1503832
7148,15018,11111110111100100000,9.0,793408
7151,15121,11111110111100001000,9.0,519168
7154,14556,11111110111110000000,9.0,117975
7154,14967,11111110111110000000,9.0,48279
7165,14853,11111010111100100000,9.0,3328351
7169,15121,11111110111100001000,9.0,1892352
7172,14394,11111110111110001000,9.0,436896
7172,14395,11111110111110001000,9.0,1096236
7174,14853,11111010111100100000,9.0,2658858
7175,14973,11111110111110100010,9.0,504020
7178,14967,11111110111110000000,9.0,140448
7244,14485,11111110111010001010,9.0,171255
7247,14911,11111110111101101000,9.0,4824404
7250,14857,11111110111100100000,9.0,1630885
7250,15018,11111110111100100000,9.0,860440
7421,15102,11111101000000000000,9.0,3400
7421,15157,11111101000000000000,9.0,816
7421,15256,11111101000000000000,9.0,748
7424,11775,11111001000001000000,9.0,12480
7424,11781,11111001000001000000,9.0,18018
7424,11785,11111001000001000000,9.0,14352
7519,15171,11110111000001110000,9.0,21774
7519,15207,11110111000001110000,9.0,22002
7520,15220,11111101000001110000,9.0,18582
7635,11782,10100001000000000000,9.0,2916
7637,11782,10100001000000000000,9.0,6156
7753,14834,11111101000000000000,9.0,574
7902,14827,11110101000000000000,9.0,6132
7902,14989,11110101000000000000,9.0,5037
7942,11526,11111101000001100000,9.0,6157
7942,11528,11111101000001100000,9.0,4653
7950,11629,11110101000011110000,9.0,94809
7952,11526,11111101000001100000,9.0,3537
7983,14998,11110101000000110000,9.0,8658
8020,14496,11111110011010000000,9.0,1728
8021,14568,11111110111100000000,9.0,35003
8021,14569,11111110111100000000,9.0,58174
8021,14574,11111110111100000000,9.0,158253
8021,14728,11111110111100000000,9.0,80359
8072,14475,11111110111100001000,9.0,564050
8072,15121,11111110111100001000,9.0,796672
8072,15286,11111110111100001000,9.0,472246
8098,11018,11111110111110000001,9.0,84227
8128,15188,11111110000100000000,9.0,338
8163,11587,11111010111110001000,9.0,1043900
8222,11799,11111110111100000000,9.0,70666
8222,14397,11111110111100000000,9.0,41118
8222,15072,11111110111100000000,9.0,116590
8224,11183,11111111111100101000,9.0,1195271
8246,11020,11111110111101000000,9.0,2453220
8263,14930,11111110101100001001,9.0,24910
8264,14920,11111110111110100000,9.0,203315
8267,14967,11111110111110000000,9.0,69426
8288,15232,11111010111110001000,9.0,494834
8297,14968,11111110111010001000,9.0,115924
8351,14646,11111110111100000000,9.0,180711
8351,14980,11111110111100000000,9.0,370346
8378,14967,11111110111110000000,9.0,118237
8436,14906,11111110111110100000,9.0,294032
8439,14636,11111110111110000000,9.0,370682
8439,14638,11111110111110000000,9.0,1070082
8439,14924,11111110111110000000,9.0,311233
8448,14636,11111110111110000000,9.0,158364
8448,14638,11111110111110000000,9.0,457164
8448,14861,11111110111110000000,9.0,379476
8459,14646,11111110111100000000,9.0,52488
8459,14728,11111110111100000000,9.0,105624
8472,14914,11111010001110000000,9.0,2622
8490,10694,11111110111010101000,9.0,12502
8490,11752,11111110111010101000,9.0,20216
8522,15120,11111110111110100000,9.0,310155
8525,14485,11111110111010001010,9.0,179046
8540,14967,11111110111110000000,9.0,93898
8543,14475,11111110111100001000,9.0,2523000
8552,11482,11111110111100101000,9.0,1474019
8570,11482,11111110111100101000,9.0,1352282
8579,11482,11111110111100101000,9.0,962302
8596,14556,11111110111110000000,9.0,823225
8604,14972,11111110111110000000,9.0,104178
8612,15120,11111110111110100000,9.0,501120
8633,14962,11111111111100111000,9.0,3180320
8672,14407,11111110111010000000,9.0,20130
8672,14488,11111110111010000000,9.0,24090
8678,14398,11111110111110101100,9.0,392535
8683,15032,11111110111100000000,9.0,1155432
8687,14910,11111110111100110000,9.0,665576
8688,14237,11111110111110000000,9.0,38400
8688,14489,11111110111110000000,9.0,13184
8688,14861,11111110111110000000,9.0,32512
8692,14861,11111110111110000000,9.0,683260
8705,11641,11111110111100111000,9.0,7794108
8720,14475,11111110111100001000,9.0,108025
8745,11021,11111111111100001000,9.0,90968
8780,11842,11111111000001110000,9.0,148176
8802,12256,11111111011110000000,9.0,26790
9045,12500,11111110111110000000,9.0,236313
9045,13568,11111110111110000000,9.0,48510
9048,13957,11111010111110001000,9.0,991990
9049,12527,11111110111110001100,9.0,563985
9049,12608,11111110111110001100,9.0,850734
9050,12084,11111110111100100000,9.0,414000
9050,12093,11111110111100100000,9.0,142000
9050,12094,11111110111100100000,9.0,431000
9050,12121,11111110111100100000,9.0,396000
9050,12492,11111110111100100000,9.0,788000
9050,13578,11111110111100100000,9.0,517000
9050,13950,11111110111100100000,9.0,416000
9050,14029,11111110111100100000,9.0,2887000
9051,13568,11111110111110000000,9.0,25900
9051,13952,11111110111110000000,9.0,289710
9052,12596,11111110111110101000,9.0,711920
9053,13941,11111110111110100000,9.0,389070
9210,13889,11111110111110101000,9.0,885728
9211,13862,11111110111100110000,9.0,1752207
9213,12407,11111110111100000010,9.0,95166
9220,11909,11110110111100100000,9.0,122206
9220,11996,11110110111100100000,9.0,171738
9290,13795,11111110111110000000,9.0,1074122
9292,12095,11111110111100000000,9.0,189140
9293,13714,11111110111110001100,9.0,481671
9301,11693,11110110111100000000,9.0,11524
9310,11481,11110110111110000000,9.0,22475
9310,12233,11110110111110000000,9.0,177320
9373,12084,11111110111100100000,9.0,600714
9373,12093,11111110111100100000,9.0,206042
9373,12113,11111110111100100000,9.0,623930
9373,13578,11111110111100100000,9.0,750167
9472,13367,11110110111100001001,9.0,323440
9477,11065,11110101000001100000,9.0,290788
9477,11092,11110101000001100000,9.0,793412
9477,11147,11110101000001100000,9.0,228516
9477,11149,11110101000001100000,9.0,100080
9477,11176,11110101000001100000,9.0,185704
9477,13012,11110101000001100000,9.0,90072
9477,13013,11110101000001100000,9.0,241304
9477,13039,11110101000001100000,9.0,82288
9477,13090,11110101000001100000,9.0,120096
9477,13093,11110101000001100000,9.0,156792
9477,13253,11110101000001100000,9.0,238524
9481,11067,11110101000001000000,9.0,17510
9481,11069,11110101000001000000,9.0,39243
9481,11150,11110101000001000000,9.0,15141
9481,13040,11110101000001000000,9.0,21115
9484,13280,11110101000001000000,9.0,84729
9486,13118,11110101000101100000,9.0,406215
9491,11067,11110101000001000000,9.0,48280
9491,11068,11110101000001000000,9.0,26412
9493,13280,11110101000001000000,9.0,329193
9497,11398,11111101001001100000,9.0,78469
9498,11368,11110111000001100000,9.0,199682
9499,11321,11110101000001000000,9.0,242740
9503,13315,11110101000000000000,9.0,15192
9504,12490,11111110111100001000,9.0,911078
9504,14038,11111110111100001000,9.0,1835392
9506,13786,11111110111100100000,9.0,4938464
9506,14029,11111110111100100000,9.0,4593217
9507,12517,11111010111110000000,9.0,1306500
9507,14066,11111010111110000000,9.0,120600
9509,12573,11111110111110000000,9.0,739800
9509,13795,11111110111110000000,9.0,2837700
9509,14031,11111110111110000000,9.0,380700
9510,12515,11111110111110001000,9.0,522759
9512,13941,11111110111110100000,9.0,630110
9513,13804,11111010011100000000,9.0,11040
9520,12263,11111110111100001000,9.0,193320
9520,13721,11111110111100001000,9.0,203940
9526,13731,11111010000100000000,9.0,1536
9534,10981,11110101000001100000,9.0,157500
9534,10982,11110101000001100000,9.0,250250
9534,11009,11110101000001100000,9.0,499625
9534,11015,11110101000001100000,9.0,207375
9534,11143,11110101000001100000,9.0,140875
9534,11149,11110101000001100000,9.0,157500
9534,11176,11110101000001100000,9.0,292250
9534,12958,11110101000001100000,9.0,143500
9534,13087,11110101000001100000,9.0,87500
9534,13088,11110101000001100000,9.0,265125
9534,13093,11110101000001100000,9.0,246750
9538,10982,11110101000001100000,9.0,62062
9538,10983,11110101000001100000,9.0,30380
9538,10985,11110101000001100000,9.0,111755
9538,11009,11110101000001100000,9.0,123907
9538,11147,11110101000001100000,9.0,89187
9538,12927,11110101000001100000,9.0,33635
9538,12954,11110101000001100000,9.0,19964
9538,13088,11110101000001100000,9.0,65751
9538,13170,11110101000001100000,9.0,19313
9538,13359,11110101000001100000,9.0,33201
9543,11150,11110101000001000000,9.0,276654
9543,11206,11110101000001000000,9.0,282300
9543,12925,11110101000001000000,9.0,459208
9543,12931,11110101000001000000,9.0,319940
9544,10982,11110101000001100000,9.0,254540
9544,11009,11110101000001100000,9.0,508190
9544,11013,11110101000001100000,9.0,170880
9544,11015,11110101000001100000,9.0,210930
9544,13088,11110101000001100000,9.0,269670
9546,11011,11110101000001110000,9.0,1434300
9546,11209,11110101000001110000,9.0,372918
9552,11206,11110101000001000000,9.0,608700
9558,12607,11111010111110001100,9.0,597432
9564,12416,11111110111100001000,9.0,428246
9564,12434,11111110111100001000,9.0,880565
9566,12412,11111110111110101100,9.0,1072150
9568,13656,11111010000110000000,9.0,864
9573,12179,11111110111100000000,9.0,495618
9573,12314,11111110111100000000,9.0,190857
9573,13609,11111110111100000000,9.0,139329
9573,13792,11111110111100000000,9.0,31866
9573,14036,11111110111100000000,9.0,51867
9609,11297,11111111000001110000,9.0,932634
9612,13705,11111010111100001000,9.0,3491140
9614,13632,11111110111110000000,9.0,417942
9615,12485,11111110111110100000,9.0,1096305
9617,13951,11111110111100101001,9.0,1801368
9618,13952,11111110111110000000,9.0,566892
9619,12431,11111110111100111000,9.0,2234505
9622,12401,11111110111100000000,9.0,130390
9622,12482,11111110111100000000,9.0,157235
9622,13724,11111110111100000000,9.0,290870
9622,13958,11111110111100000000,9.0,207975
9628,12398,11111110111110000000,9.0,107632
9628,12425,11111110111110000000,9.0,216349
9628,13952,11111110111110000000,9.0,169911
9628,13964,11111110111110000000,9.0,153853
9637,12398,11111110111110000000,9.0,107632
9637,12425,11111110111110000000,9.0,216349
9637,13964,11111110111110000000,9.0,153853
9643,12768,11110101000000000000,9.0,504
9645,13253,11110101000001100000,9.0,118404
9666,13957,11111010111110001000,9.0,944794
9667,12516,11111010111100001000,9.0,3555628
9667,13947,11111010111100001000,9.0,3961240
9667,14025,11111010111100001000,9.0,396124
9672,13568,11111110111110000000,9.0,84210
9672,13952,11111110111110000000,9.0,941949
9686,12085,11111110111110101000,9.0,319968
9686,12478,11111110111110101000,9.0,546612
9696,10907,11111101000001000000,9.0,1517
9699,10768,11110101000001100000,9.0,119700
9699,13198,11110101000001100000,9.0,16450
9721,14052,11111010111110100000,9.0,133308
9722,14037,11111110111100001000,9.0,2215104
9722,14038,11111110111100001000,9.0,4419584
9777,12494,11111110111100100000,9.0,1238678
9782,12492,11111110111100100000,9.0,941660
9782,13950,11111110111100100000,9.0,497120
9801,11065,11110101000001100000,9.0,53346
9801,11092,11110101000001100000,9.0,145554
9801,11147,11110101000001100000,9.0,41922
9801,11149,11110101000001100000,9.0,18360
9801,11176,11110101000001100000,9.0,34068
9801,13012,11110101000001100000,9.0,16524
9801,13013,11110101000001100000,9.0,44268
9801,13039,11110101000001100000,9.0,15096
9801,13090,11110101000001100000,9.0,22032
9801,13093,11110101000001100000,9.0,28764
9804,11062,11110101000001100000,9.0,21252
9804,11143,11110101000001100000,9.0,25921
9804,11149,11110101000001100000,9.0,28980
9804,11176,11110101000001100000,9.0,53774
9804,13007,11110101000001100000,9.0,61663
9804,13012,11110101000001100000,9.0,26082
9804,13013,11110101000001100000,9.0,69874
9804,13039,11110101000001100000,9.0,23828
9804,13087,11110101000001100000,9.0,16100
9804,13088,11110101000001100000,9.0,48783
9804,13093,11110101000001100000,9.0,45402
9811,10821,11111101000000000000,9.0,696
9811,10824,11111101000000000000,9.0,936
9811,10826,11111101000000000000,9.0,1392
9811,10902,11111101000000000000,9.0,528
9811,12770,11111101000000000000,9.0,1056
9811,12792,11111101000000000000,9.0,840
9813,11095,11110101000000110000,9.0,181306
9814,11063,11110101000000100100,9.0,18880
9817,11066,11110101000001100100,9.0,59600
9817,11172,11110101000001100100,9.0,67400
9862,10982,11110101000001100000,9.0,52338
9862,10983,11110101000001100000,9.0,25620
9862,10985,11110101000001100000,9.0,94245
9862,11009,11110101000001100000,9.0,104493
9862,11147,11110101000001100000,9.0,75213
9862,12927,11110101000001100000,9.0,28365
9862,12954,11110101000001100000,9.0,16836
9862,13088,11110101000001100000,9.0,55449
9868,10743,11110101000000000000,9.0,444
9868,10986,11110101000000000000,9.0,1644
9868,10988,11110101000000000000,9.0,4104
9868,11142,11110101000000000000,9.0,1716
9868,12687,11110101000000000000,9.0,1128
9868,12689,11110101000000000000,9.0,1596
9868,13092,11110101000000000000,9.0,1176
9870,10765,11110111000000110100,9.0,335068
9871,11172,11110101000001100100,9.0,73129
9871,12929,11110101000001100100,9.0,97867
9892,13368,11111010001110000000,9.0,5056
9916,10764,11110101000001110000,9.0,171946
9916,11007,11110101000001110000,9.0,148702
9918,12793,11111101000000100000,9.0,360
9937,11958,11111010111110000000,9.0,90624
9937,12039,11111010111110000000,9.0,227268
9937,13389,11111010111110000000,9.0,190452
9937,13713,11111010111110000000,9.0,562152
9956,10938,11111110111010101000,9.0,41796
10027,11802,11111010111100001000,9.0,781110
10027,11856,11111010111100001000,9.0,662760
10034,11020,11111110111101000000,9.0,720036
10040,11808,11111110000100000000,9.0,2880
10042,11802,11111010111100001000,9.0,409266
10042,11856,11111010111100001000,9.0,347256
10109,11749,11111110111110000000,9.0,334628
10122,11747,11111110111110000000,9.0,72072
10122,11749,11111110111110000000,9.0,302328
10192,11747,11111110111110000000,9.0,150843
10197,11753,11111110111100000000,9.0,82038
10200,10937,11111110111010001000,9.0,65736
10201,11753,11111110111100000000,9.0,107327
10201,11799,11111110111100000000,9.0,352139
10202,11799,11111110111100000000,9.0,177062
10205,11749,11111110111110000000,9.0,233852
10361,11749,11111110111110000000,9.0,422161
10440,11753,11111110111100000000,9.0,111199
10441,10781,11111110111110000000,9.0,263032
10442,11749,11111110111110000000,9.0,404396
10495,11103,11111111111100101000,9.0,705996
10509,10786,11111110110110000000,9.0,10956
