0,1,2,3,4,5,6,7,8,9,10,11,12,13,14,15,16,17,18,19,20,21,22,23,24,25,26,27,28,29,30,31,32,33,34,35,36,37,38,39,40,41,42,43,44,45,46,47,48,49,50,51,52,53,54,55,56,57,58,59,60,61,62,63,64,65,66,67,68,69,70,71,72,73,74,75,76,77,78,79,80,81,82,83,84,85,86,87,88,89,90,91,92,93,94,95,96,97,98,99,100,param_index
0.9955868040748128,0.9888674125899422,0.9811791803202651,0.9726041109753484,0.9632141718467359,0.9530732841369258,0.9422389932052956,0.9307637983074512,0.9186962551017261,0.9060820092832658,0.8929642265032058,0.8793840478408669,0.8653815339163988,0.8509950706491918,0.8362620814140733,0.821219010536234,0.8059010607668654,0.7903428890605015,0.7745777765240982,0.758638156743393,0.7425551719085661,0.7263588979195077,0.7100784761719411,0.693741738183454,0.6773754617938305,0.6610054243450383,0.6446564485772136,0.6283521854417122,0.6121153785676334,0.5959678589931331,0.5799304241689024,0.5640231250176996,0.5482651597249939,0.5326744834476742,0.517268255144866,0.502062519643748,0.487072133383686,0.47231071686897025,0.45779081800850124,0.44352366754665534,0.42951904257211215,0.41578549620139277,0.40233020131502606,0.3891587997053472,0.37627577371716014,0.36368431294240555,0.3513863163431554,0.3393825351399933,0.32767269438628627,0.3162554192341574,0.30512845121079635,0.2942887957766917,0.2837326764108207,0.2734557713473715,0.2634531133910755,0.2537193236273266,0.24424870443635535,0.23503531447157613,0.2260728135662728,0.2173548853832739,0.2088749736327649,0.20062650221325745,0.1926029778232531,0.18479787616613477,0.17720462747980523,0.16981684653316598,0.16262818374679727,0.1556324477573337,0.14882361206901304,0.1421956967014462,0.13574301603296163,0.12945995387438305,0.12334113831199328,0.11738126555725967,0.11157532783240257,0.10591839442353246,0.10040587029109521,0.09503318687452796,0.08979594592236606,0.08469001025917133,0.07971142035718544,0.0748564044971697,0.07012130257345808,0.06550267127317957,0.06099713228204875,0.056601585899812165,0.05231314043032394,0.048128892502750854,0.044046220705019894,0.040062637808012745,0.03617570363794226,0.03238333366208873,0.02868347474055836,0.02507424560886898,0.02155405122930061,0.018121359877176467,0.014774891001409909,0.0115136692141586,0.008336982952229729,0.0052445655824101605,0.002236729105645874,b.f2
0.9727504567895512,0.9295348864738431,0.8793356683389861,0.8231131481500392,0.7623561535675216,0.6989537791233534,0.6350235058820718,0.5726147489297696,0.5134075687032407,0.45853990557315905,0.4085986619600778,0.36372339565749817,0.32374726139377075,0.2883249432904781,0.2570285061214194,0.22940908777582983,0.2050335433458845,0.18350224747609387,0.16445678044027306,0.14758107666001472,0.13259954694465195,0.1192730523229561,0.1073949712279374,0.09678692236453715,0.08729491527753155,0.0787858347336407,0.07114464932763846,0.06427169610993698,0.05808049516579973,0.052495521010397415,0.047451101321912124,0.04288963800979856,0.03876063599613344,0.035019788499068234,0.03162803003862666,0.028550628498089342,0.02575705793984367,0.02322011492378743,0.020915518958526027,0.018821583993305496,0.016918874279632463,0.015190041801455197,0.013619495637049322,0.01219326988268209,0.010898670234424949,0.00972423544879896,0.008659501448067704,0.0076951451289443305,0.006822504587472434,0.006033835586158902,0.005321971462865552,0.0046804154740571445,0.00410325312707547,0.003585224198799563,0.0031211836395492526,0.002706543839269522,0.0023372070334172997,0.0020092762640136447,0.0017192760390678874,0.0014639311399396308,0.0012402027945599245,0.001045322824124376,0.0008768778994594328,0.0007326224222168326,0.0006104302852073427,0.0005083585527603582,0.0004246428128163063,0.0003577286295298906,0.0003061547063741233,0.000268714259296072,0.00024408721111304218,0.0002313574947785062,0.00022958006664850245,0.0002379221628093917,0.0002557075693864743,0.00028232657065575405,0.00031742044562344185,0.00036033356377841795,0.0004107208372270748,0.0004682963562698174,0.0005329274131362641,0.0006044925522352918,0.0006827784880720669,0.0007678220893554597,0.0008596134937270351,0.0009582105440322893,0.0010639380003797203,0.001176999953584118,0.0012975095815276132,0.0014259145099834545,0.0015628245702896805,0.0017087234126614064,0.0018644363256664002,0.002030816388274136,0.002208939758470316,0.0024001717978574784,0.0026061587702555355,0.002828826657301875,0.0030705750345706388,0.003334179169216677,0.003623225012389988,b.f12
0.9856090019503293,0.9888658534911793,0.9915082589505692,0.9935951339250874,0.9951762784268273,0.9962946075421029,0.9969867638036805,0.9972842366531415,0.9972135387804948,0.9967973643740106,0.9960559160205501,0.9950047753779966,0.9936584633957191,0.9920290225943459,0.990126499042117,0.9879595012860781,0.9855357768386368,0.9828611829416781,0.979941035969625,0.9767798694590016,0.9733811926932717,0.9697475893158355,0.9658814848685122,0.9617851210540601,0.9574594367917875,0.9529053836064609,0.9481228682652044,0.9431120788225426,0.9378730250272429,0.9324044388444538,0.9267053855942726,0.9207743592452197,0.9146100083615887,0.9082106619433084,0.9015737528243488,0.8946971568388006,0.887578442569178,0.8802143579090139,0.8726021507811863,0.8647387942087491,0.8566207846365766,0.8482443565620811,0.8396058706389471,0.8307015062225425,0.8215272318969637,0.8120791048571782,0.8023533017887267,0.7923457207039419,0.782052364350627,0.7714695967621119,0.760593922112206,0.7494227737498623,0.7379533138968852,0.7261837222473649,0.7141116273781164,0.7017368359712146,0.6890590903136014,0.6760794778055176,0.6627994319189808,0.649221926328684,0.6353510825306935,0.6211914194161806,0.6067494006970424,0.5920330702060688,0.5770513621182622,0.5618149636842696,0.5463361963317709,0.5306287308879548,0.5147080378859371,0.4985907107074093,0.4822950037933662,0.46584031269435794,0.44924716089352956,0.4325369798172026,0.4157310615613431,0.3988520592654129,0.3819221714972387,0.3649629509538376,0.34799648124673316,0.3310431713183887,0.31412352696701196,0.29725729635458004,0.2804625478411177,0.26375759633806634,0.24715994851322381,0.23068632191733754,0.21435338838913032,0.19817783537249414,0.18217619065549034,0.16636519985212836,0.15076138128049973,0.13538102977128166,0.12023988828429975,0.105353054200427,0.09073503613932066,0.07639871045728125,0.06235531803868102,0.048614992110869365,0.03518802597412915,0.022083812712113092,0.009315208981653996,b.f11
0.001741064721596627,0.0025542939971801614,0.004771680202423199,0.0082257228088001,0.012780813719842871,0.01832652122715149,0.024772053107636857,0.0320421669046349,0.04007394071623477,0.048814043358788285,0.05821709888341768,0.06824368868266409,0.07885951673920341,0.09003391443760903,0.10173938901527763,0.11395083503442494,0.12664496861433594,0.139799751719495,0.1533939793566429,0.1674073103971488,0.18181936815167635,0.19660993807721258,0.21175836122115738,0.22724379796609398,0.24304441665803747,0.25913768603556103,0.27549987636282025,0.2921060778174917,0.30892996445390564,0.3259437365206288,0.3431180523303109,0.360421893840151,0.37782281590588573,0.3952869038232564,0.41277904752513883,0.43026317249451956,0.4477025361754144,0.4650602758319,0.48229968956644115,0.4993847481748405,0.5162805859537055,0.5329540707852373,0.5493739476222512,0.5655115519234413,0.5813410047390271,0.5968392906722589,0.6119867641558958,0.626766970867695,0.6411667481651707,0.6551762169890986,0.668788563124182,0.6819999823299604,0.6948093519675871,0.707217921841058,0.7192293681407868,0.7308491575345314,0.7420843074983441,0.7529432662350414,0.7634355874809098,0.773571712826045,0.7833625588416545,0.7928195746680445,0.8019544139282119,0.8107788867909242,0.8193047450153687,0.8275437108278834,0.8355069842145597,0.8432058434931937,0.8506510040985291,0.8578528793449567,0.8648215071016612,0.8715663879981457,0.8780966401615716,0.8844210488850923,0.8905477547468373,0.8964846139701752,0.902238920300977,0.9078176491051475,0.9132274201770331,0.918474371649375,0.9235643074180175,0.9285026937598403,0.9332945569980117,0.9379446762094116,0.9424574129406635,0.9468368601170957,0.9510867015962096,0.9552102965179753,0.9592105691946875,0.9630901814412065,0.9668513775097973,0.9704959683366515,0.9740254916285708,0.9774410492605411,0.9807433320956925,0.9839328050469842,0.9870094759117235,0.9899730960540088,0.9928231918939643,0.9955590604021313,0.9981799653252673,b.f1
0.07377142882725238,0.058201526182755405,0.06362895180189668,0.0858065048658425,0.12210612203492471,0.1707012599598781,0.22990259647033023,0.2976670915272058,0.3713008838479422,0.44751644419409276,0.5228346380662876,0.5942413527879672,0.6595717661951789,0.7176569793120692,0.7681781486782681,0.811413697166944,0.8479094172064515,0.8784158010144868,0.9036703725269286,0.924369742990754,0.9411383714826412,0.9545186506981779,0.9649793897260301,0.9729168821595104,0.978650908273413,0.9824732661608416,0.9846385513063572,0.9853683493570226,0.9848433801110946,0.9832311138386057,0.9806750760985908,0.9772900898578815,0.9731807294773602,0.9684568961304573,0.9632115177942311,0.9575041396860635,0.9514251368170484,0.9450355280450266,0.9383897088846672,0.9315167276300341,0.9244509668006478,0.9172471126528293,0.9099352261321823,0.9025383994383613,0.8950896345915358,0.8876104768998657,0.8801157081077331,0.8726497878825319,0.8651937844029604,0.8577563114272564,0.8503479744211496,0.8430014839001544,0.8357101652604176,0.8284969704443071,0.8213853026498603,0.8144078704058755,0.8075454605503166,0.8008059658968524,0.79421889667888,0.7877871661761748,0.7814971726978419,0.7754141784325189,0.7695156970907062,0.7638068528034393,0.7583208434908232,0.7530561644056871,0.7480240416054958,0.7432535704509614,0.7387367666209924,0.7344472168058302,0.730419069610191,0.7266174259603602,0.7230617479540414,0.719773740660045,0.7167150800311358,0.7138565624092931,0.7112116245344313,0.7087380980357062,0.7064426003377123,0.7042682400625183,0.7022174434209755,0.7002603463945201,0.6983745445498744,0.6965603416685103,0.6947533217750487,0.6929592868506127,0.6911710919904728,0.6893644814929302,0.687545962239004,0.685705040198348,0.6838135875697123,0.6818352512085724,0.6797646131533827,0.6775541198661656,0.6751380635615265,0.6724614363320206,0.6695095305708852,0.6662087052418998,0.6625712577230725,0.6586175935636677,0.6543997688087988,b.f16
0.014046543284823739,0.04103114313268724,0.0770003372052013,0.12120842547257694,0.1725360805766456,0.22949487903339652,0.29021772353488684,0.35258145697646937,0.4144585690354654,0.47400161828227977,0.5298427471203889,0.5811505713603837,0.6275705284859,0.6691051195484021,0.7059900946754383,0.7385898122652336,0.7673244778898031,0.7926217552060597,0.8148900632059369,0.8345052536936807,0.8518034642678622,0.8670825077169914,0.8806017555538296,0.8925874495425895,0.9032353406871813,0.9127143914415636,0.9211706775685149,0.9287301348861066,0.9355018808624044,0.9415801885477459,0.9470463921440518,0.9519713692264474,0.9564164246721437,0.9604351916221854,0.9640740308086047,0.9673738540964646,0.9703702241797423,0.9730943890833422,0.9755740283550136,0.9778332256073708,0.9798934835457285,0.9817740032997867,0.9834914739125482,0.9850608468197968,0.9864954161057818,0.9878068873046406,0.9890061693506831,0.9901026362644237,0.9911051433817579,0.9920214248622851,0.9928583123245085,0.993622336056637,0.9943191012797095,0.9949537938507165,0.9955312696670295,0.9960559351452947,0.9965317421337346,0.9969621038765203,0.9973502565096793,0.9976993867853577,0.9980123057280917,0.9982912954697352,0.9985389216333957,0.9987574854363035,0.9989488474221871,0.9991147319763797,0.9992569214936382,0.9993769981230584,0.9994763294474955,0.9995561392339786,0.9996178700002037,0.9996627359258549,0.9996916944127484,0.9997056457409835,0.999705590850677,0.9996923674599042,0.9996665193331669,0.9996289120329502,0.9995802829191537,0.9995211762651719,0.999452049191515,0.9993734132827017,0.9992858114614525,0.9991894483950381,0.9990846880410973,0.9989718027452587,0.9988512438057451,0.9987230121398493,0.9985870611066,0.9984434941642251,0.9982922373184338,0.998132939566509,0.9979652372848202,0.9977886059987897,0.9976023836710932,0.9974054826874015,0.997196826110578,0.9969747769539161,0.9967376811939975,0.9964834905803251,0.9962097510978619,b.f7
0.025496474118797248,0.02092079085007174,0.017038675256936267,0.013754540171093918,0.010990606702016386,0.008683139201728684,0.006780008741297314,0.005238478621593924,0.004023462363255501,0.0031053675089121845,0.002459961588005299,0.0020673939499443626,0.0019101301296716965,0.001974218894377188,0.0022475062571371118,0.0027190448403126947,0.0033808313853931097,0.004225452833663131,0.005245333166930577,0.006436085422269428,0.007792818617901535,0.009311068704200967,0.010987812931670164,0.012820369301962866,0.0148063017613952,0.01694476419621193,0.019234118634032467,0.021674351643475143,0.02426547498938739,0.027008452839203653,0.02990512722468966,0.032957526253816316,0.03616818653631509,0.03954085152262159,0.04307968509226294,0.04678955516411662,0.05067608020880988,0.05474584069731942,0.05900671063291092,0.06346627183475743,0.06813372246211535,0.07301854166247244,0.07813070948161326,0.08348185672510515,0.08908327975495282,0.09494775086415282,0.10108869431751515,0.10751988084949587,0.11425527990339326,0.1213106107563761,0.12870278287201373,0.13644824984882128,0.14456486833379265,0.1530707067744592,0.1619849450256833,0.17132728962584198,0.18111787899524606,0.19137736412995981,0.20212820712106555,0.21339212195652987,0.22519112679244527,0.23754710706394727,0.25048223793174,0.2640165708522437,0.2781693647509049,0.2929575020325557,0.3083948170949354,0.3244919189920828,0.3412543785901427,0.35868314103325905,0.37677222467478383,0.39550851464389725,0.41487167902904293,0.4348331401999404,0.4553554529734474,0.47639348701869233,0.4978937002494114,0.519796033629602,0.5420341863229289,0.5645374052087506,0.5872313822561841,0.6100404885731439,0.6328891209047265,0.6557025138281757,0.6784086616788898,0.7009398164225857,0.723232200874582,0.7452281990063759,0.7668754767894265,0.7881276757592287,0.8089451396949342,0.829293739390164,0.8491461237046988,0.8684814693419775,0.8872839555125491,0.9055432455024788,0.923254608606981,0.9404171394681079,0.9570335617810265,0.9731094516119377,0.9886516540006629,b.f8
0.10669458242959132,0.06469916158650194,0.05201022788142069,0.06175947854654703,0.08931915485903,0.1316914082740942,0.18656310588007058,0.2515280871056794,0.32367324647318874,0.399545197345738,0.475523786097166,0.5483666012077473,0.6156789322361063,0.6760872143657781,0.7291237657506261,0.7749614550050531,0.8141469207612674,0.8473881734327766,0.875423709568687,0.8989551102163853,0.9186130156025542,0.9349438461874363,0.9484153322489532,0.9594309381777055,0.9683285915270814,0.9753972176030918,0.9808861040808783,0.985002633097795,0.9879330237585722,0.989826838383859,0.9908194469747926,0.9910246955453231,0.9905480512575174,0.9894743465887923,0.9878807076995335,0.9858371331630218,0.9834027360632408,0.9806289087924587,0.977556498136559,0.9742315919117669,0.9706870324844881,0.9669547497494194,0.9630633127872956,0.9590364163444801,0.9548958449103478,0.9506609313951594,0.9463541440650585,0.9419910801982927,0.9375873093177524,0.9331540638293286,0.9287041500564273,0.9242517363406981,0.9198063252002353,0.9153800565465698,0.9109797387130055,0.9066168177095386,0.9022985272260727,0.8980296293328327,0.8938205862761568,0.8896804633068405,0.8856091299091934,0.8816157788760555,0.8777038113584205,0.873875768165639,0.8701364201614035,0.8664885740722157,0.8629312392927865,0.8594645654885257,0.8560969036582221,0.8528272164185023,0.8496557399268501,0.8465849862205056,0.8436192768303931,0.8407548937031712,0.8379956005552285,0.8353408585019803,0.8327877019688802,0.830335641940561,0.827984308603285,0.8257283953887425,0.8235645987939274,0.821485567533462,0.8194849157460925,0.8175529288861553,0.8156740416995538,0.8138340413739512,0.8120135141988455,0.8101914258576807,0.8083444899239288,0.8064468314768248,0.8044713480204606,0.802384411945394,0.8001543763858903,0.797749317703368,0.7951383175950025,0.7922897538090423,0.7891750587543541,0.7857636451042388,0.7820382943107812,0.7779893825095645,0.773612603383413,b.f6
0.05794392774711657,0.08339798828010357,0.11832299559687773,0.16178534835239805,0.2133158846983749,0.2725873997758969,0.3389394296277028,0.4109824826958416,0.4863997105437028,0.5621250209143613,0.6348814953182143,0.7018641782033644,0.7612345333117818,0.8122016051095982,0.8547956661139721,0.8895376846052351,0.9171670378080128,0.9384557358968816,0.9541410738213414,0.9648632418816192,0.9711800665412906,0.9735723873624739,0.9724411372360271,0.9681309654209256,0.9609413136717333,0.951143588878024,0.9389916691902526,0.9247159560947207,0.9085416825421125,0.890697998371166,0.8713964608377514,0.8508697381060527,0.8293354602285805,0.8070191876765058,0.7841285503272413,0.760873209130736,0.7374445514117136,0.7140225770271932,0.6907668244958171,0.6678127847281987,0.6452865838144224,0.6232804122264199,0.6018733064722536,0.581128061675324,0.5610893398087385,0.541782724326565,0.5232221607763218,0.5054136466976081,0.48834653820708007,0.4720067724703896,0.45637090626188026,0.44140949318472106,0.4270866130206358,0.41336319942325744,0.40019792275837,0.387547114041648,0.37537093003838107,0.36362523054469437,0.35226004492881463,0.34122183821825736,0.330471530757951,0.3199693850008797,0.3096773273427546,0.29955217361002046,0.2895662947095259,0.27969179295460717,0.2699012597918709,0.2601744398470343,0.25049704831639574,0.2408528954336954,0.23123509817331794,0.22164605247492186,0.21208014021897573,0.2025428331525446,0.1930452650062141,0.18359589973664833,0.17420376835013282,0.16488442922528282,0.15564979197533296,0.14651860805594005,0.13750204200512386,0.1286152042076835,0.11986857876146571,0.11127854228334125,0.10285344159956476,0.09460514280203067,0.08654976266602515,0.07870512411999277,0.07108610543691403,0.0637147131619877,0.05661541468789491,0.04981290152351921,0.043347487563823915,0.0372623723098258,0.031608047492819466,0.026437381643656083,0.021821334272621073,0.017842320776770608,0.014598631697670035,0.01220538222993026,0.01080438185616062,b.f4
0.956678040797347,0.8869596829312664,0.8075737406084892,0.7207257397692396,0.6301112793568067,0.5403209378070173,0.4557503040024561,0.3795170876207863,0.31305827352977245,0.2564340474108974,0.20888046075890573,0.16930146021488673,0.13653972545519127,0.10952847564879889,0.08733815948965011,0.0691877336256832,0.0544330249770482,0.04253768438495094,0.033056982825434546,0.02562586298404497,0.019943754143955442,0.015753900230663153,0.01284071287869223,0.01102527011444248,0.010152779774224675,0.010084731953011756,0.010711080982516092,0.011933909965190781,0.013666853029545942,0.015833559086147905,0.01837060708081557,0.021223239614013446,0.024338190942194447,0.027671557914378198,0.031190698951327492,0.034858999151783095,0.03865061669743729,0.04253805964113211,0.046503559995686464,0.0505278167415567,0.05459611745461379,0.05869570315873397,0.06281255567186868,0.0669397979426553,0.07106805307721797,0.07518670686480074,0.0792886320880157,0.0833687660786419,0.08742113812248938,0.09143772673497488,0.09541238044888033,0.09933688693169823,0.10320792354455831,0.10701838918467606,0.11075876240113725,0.11442176502655832,0.11799953047192825,0.12148644700222541,0.12487919705355831,0.12816698928145492,0.1313471536098805,0.1344130627202346,0.13735648075830895,0.14018049246796305,0.142876566476862,0.1454415176511523,0.1478737514406033,0.15017458455079183,0.15234206686393587,0.15438340824134117,0.15629635975381714,0.15808894952551839,0.1597671002129459,0.16132990684968224,0.16279504335714137,0.16416369152319907,0.16544621531773449,0.16665705848288873,0.16779676591473786,0.16888184679735926,0.16992051514414308,0.17092225652794218,0.17189530648091625,0.17285121253015623,0.17379838565386227,0.17474569145855676,0.17569924851448385,0.1766679981730732,0.17765703915846953,0.17867829185116463,0.17974052416178934,0.18085518268449718,0.18203953782405088,0.18331609443166594,0.1847082300037817,0.18625027125035334,0.1879800401455862,0.18995386200944875,0.19223589899750596,0.1949075061384893,0.1980693442403103,b.f9
0.9629320422620344,0.9003823168845922,0.825172005799546,0.7389677375086902,0.6455121264771937,0.5500906012188717,0.45846347536215026,0.3751961604392086,0.30271234932717456,0.2414921694787938,0.1908122246547049,0.14941551503493397,0.1159552060525433,0.0891591588616979,0.0679303004451767,0.05134918441071373,0.03866503784981738,0.029267994744190846,0.02264370486353759,0.018359959182965416,0.016069728506026476,0.015476244927370392,0.01632860396822109,0.018422475431882024,0.02156666607506614,0.025606252989453196,0.03040256006104088,0.0358410525108335,0.041814831860527646,0.048224742020002646,0.054988468108890326,0.06202762534683921,0.06927992167688173,0.07668694412031327,0.08419786678189806,0.09177030138882691,0.09935617166114458,0.10691540102606611,0.11443289723548146,0.12188737488467208,0.12926469165329754,0.13653335172222497,0.14368306366716868,0.1506995833450169,0.15758913552938678,0.1643478608697981,0.1709702184539785,0.17745499234624582,0.18381615555684633,0.19005407435398108,0.19616974138352028,0.20217819912628143,0.20808718005422502,0.21389540861784667,0.2196186389196736,0.225263941636776,0.23084068889067774,0.23635031812693602,0.24180484604313834,0.24720415889914849,0.25255515361456626,0.25786287080961695,0.2631324084879243,0.26836360405734616,0.27356054933865404,0.2787173776082761,0.28383508312381556,0.2889081243094651,0.2939435251186493,0.2989362456206396,0.3038822512551793,0.3087847679190287,0.3136338310137703,0.3184323241992634,0.32318172104160936,0.32787814403577376,0.332518531015115,0.3371051449740218,0.34163752511641315,0.34612201917791835,0.35055330385909983,0.35493990108196616,0.35928087221640337,0.3635786782130441,0.36784035104577373,0.3720655440727026,0.3762596216276644,0.38042457001704866,0.3845749191436188,0.38871713399235586,0.392865198357105,0.3970214858837465,0.4012121396354725,0.40545024877438895,0.4097510622054952,0.4141348855007037,0.4186331412501823,0.4232885509238404,0.42814110699715113,0.43324954212929656,0.4386942583248524,b.f0
0.012755374492734102,0.02773293635957795,0.05200455585314847,0.08455032210799832,0.12459357362818596,0.1716430659893705,0.2253069186642918,0.28505192703377624,0.349953209336159,0.4185303967470223,0.48873071842394483,0.5581343695052647,0.6243687217609533,0.6855131539723273,0.7403555167229001,0.7883869655676449,0.8296377847036961,0.8644955646636937,0.8935103616482342,0.9172892767929538,0.936420322072516,0.951451484805675,0.9628732708698974,0.9711064696019699,0.976516633379684,0.9794216811546691,0.9801071589219083,0.9788180023256404,0.9757562914556307,0.9711290652944955,0.9651039985911982,0.9578445575736044,0.9494915420188312,0.9401818187003641,0.9300423416455118,0.9191936367269221,0.9077396013252835,0.8957861124704352,0.8834265244088576,0.8707573209683501,0.8578606041872041,0.84481229193688,0.8316873471784562,0.8185431668445334,0.8054457738915309,0.7924416018322612,0.779572852302662,0.7668770453863488,0.754384025288118,0.742130374162007,0.7301267830393487,0.7183924059826146,0.7069384546893459,0.6957721707978723,0.6849093166254311,0.6743406106767935,0.6640650734798004,0.6540766989689741,0.6443758767168024,0.6349483379943838,0.6257794503144604,0.6168727817666338,0.608210961624048,0.5997816205230312,0.5915724058262073,0.5835795099958554,0.5757938876613579,0.5681964313251715,0.5607759108466446,0.5535288151333594,0.5464360870813744,0.5394879381326109,0.5326774073241363,0.5259842392315826,0.5194012429569272,0.5129234664526201,0.5065318133695504,0.5002226945095084,0.493987299408374,0.487821532526331,0.481713102331121,0.4756588258924664,0.46965969246943395,0.4637138288475183,0.4578189304835069,0.4519796565045792,0.44619763434619375,0.44047897499219546,0.4348303278601793,0.4292699242077643,0.42379258505354267,0.41841142887302457,0.4131353511380481,0.407980721386909,0.402969860156434,0.3981345119582676,0.3935127065282437,0.3891648353824883,0.38515616483137427,0.38158726968509027,0.3785810927987328,b.f3
0.8742665420853346,0.8173988835051517,0.7535597504225109,0.6842401875688273,0.6115883254869995,0.5381270901578763,0.4664591755695838,0.39880731905592565,0.33676621730836676,0.2812138061185048,0.2324144419284735,0.19019204524122382,0.15413320991843726,0.12364824762775137,0.09814052791488369,0.07703766548549815,0.059844267514352796,0.0460725469547858,0.03532980530093928,0.027255363673761884,0.021554084416109787,0.017980646722457645,0.01631981190844331,0.016406752778845454,0.01806510466283915,0.021167583127766648,0.025585567550184964,0.031231853464071285,0.03798314396674817,0.045726652755743835,0.054384033848520696,0.0638392510222915,0.07400729969295541,0.08476499752714947,0.09600997200805046,0.10762448722791475,0.11949160079704929,0.13149356265733103,0.1435313645087366,0.15549100909601868,0.1672996865761788,0.17885807678627944,0.19006826594610104,0.20088771910829456,0.21128496058378277,0.22122225625967454,0.23067241182737977,0.2396432831072331,0.24815350220316953,0.25624188577514295,0.26394085167495707,0.2712993555471281,0.2784053369006022,0.2853102267849544,0.29211050872576916,0.29888379845333435,0.30571075048593815,0.3126847437617484,0.31990340885105945,0.32746600711717366,0.335468867716482,0.34399768955701227,0.35315756093436035,0.36304660357876156,0.37377033047786534,0.38541468397192286,0.39806022636176747,0.4117814237948577,0.4266552077183418,0.4427465736025354,0.4600788830134858,0.4786787442155445,0.4985631270270959,0.5196894578807506,0.5419851185827271,0.5653587470954332,0.5896508332391369,0.6147135803276685,0.6403227831730497,0.6662507886216531,0.6922463274101085,0.7180562001079415,0.7434304036587028,0.7681162322616025,0.7919010335309153,0.8146197435882724,0.8361088857391906,0.8562721720042837,0.8750481485568614,0.892376846875283,0.9082454999215988,0.9226735620077134,0.9357225244296866,0.9474013643349507,0.9577596355353495,0.9668535773573756,0.9747184248793991,0.9813921096669959,0.9869016291214509,0.9912222961761107,0.9943267213062896,b.f5
0.8857762914125029,0.7934159874939334,0.6936101077406045,0.5901375341807753,0.4881766462751714,0.39304897972265296,0.3087259253644652,0.23711534269290127,0.1783423297325175,0.13146938823176424,0.09513984016335972,0.06796780431768887,0.048715660794354715,0.03635151115053104,0.030034787301882263,0.029097508008967397,0.033001171577221995,0.04130737679155527,0.053652311956488945,0.06971364575326192,0.08919095256302141,0.11178728703385997,0.13719191313080598,0.16506932243575628,0.1950547894227165,0.22675482489408658,0.2597539027684614,0.2936262311852011,0.32795279987601933,0.36233448148264313,0.39640867367613886,0.4298592907201568,0.4624208953337121,0.49388457198093527,0.5240934514999004,0.5529397041033217,0.5803586922549068,0.6063226941998536,0.6308336727944205,0.6539157203610135,0.6756108004757696,0.6959732390384394,0.7150637551094347,0.7329488364694172,0.7496971003167597,0.7653766812657251,0.7800534940806633,0.793790885520356,0.8066504736500869,0.8186897222612297,0.829963316663361,0.8405227388918146,0.8504168831813717,0.8596925956558926,0.868392570910244,0.8765571081165977,0.8842267614928555,0.8914371345827395,0.8982234412324219,0.9046184124144034,0.910652392621599,0.9163534127171709,0.921748126406967,0.9268614674262688,0.9317136606805925,0.9363255325801538,0.9407148862476964,0.944897742508039,0.9488872209475926,0.952693658649683,0.9563282790389186,0.959797561152155,0.9631080754485342,0.9662654876371157,0.9692732488968056,0.9721333574628704,0.9748482193387733,0.9774196678159734,0.9798463033156681,0.9821292867188094,0.9842690984297101,0.9862653021654494,0.988118930910601,0.9898295324390257,0.9913959658127076,0.9928183072593929,0.9940978811009559,0.9952333658700109,0.9962246130136296,0.9970694561107964,0.9977658505003117,0.9983112882417259,0.998702231746495,0.9989331524156501,0.9989984471584714,0.998892014112657,0.9986049758227897,0.9981279463924343,0.9974499010817962,0.9965595129498567,0.9954447281659583,b.f15
0.16894114430861848,0.2333233182867303,0.3107510552064799,0.4000828974236059,0.497519392033989,0.5964647481683449,0.6891781358612645,0.7695541214145644,0.8347228155381139,0.8845728588692254,0.9204240924241435,0.9440062420951253,0.9569540158619796,0.9606429640167138,0.9561795246210697,0.9444543119477862,0.9262148207239428,0.9021351848737215,0.87288325529857,0.8391705490712558,0.8017835862790147,0.761589287166961,0.7195111619892685,0.6764811200692568,0.6333826309482826,0.5909964727333821,0.5499622082741156,0.5107613349237453,0.47372029831439316,0.43902710843646026,0.40675657019706585,0.3768962790954864,0.3493729635420227,0.32407188945578946,0.30085444709695,0.2795702877123414,0.260066153281603,0.24219173766451146,0.2258031030473924,0.2107652916683326,0.19695343834069987,0.1842528740728773,0.17255930776720407,0.16177777372408406,0.1518228036287462,0.14261733032557863,0.13409132416227923,0.12618287121008936,0.1188358157858426,0.11199929144196431,0.10562784248406364,0.09968033513060236,0.09411972684776344,0.08891300040448322,0.08403008872003591,0.07944383717618564,0.0751292806270847,0.07106401095920477,0.06722795318834336,0.06360291472663084,0.060172005840298484,0.05692006450926458,0.05383318429960644,0.05089928817322424,0.04810719967736873,0.045446378361980344,0.042907764007091495,0.04048276775031432,0.038164020503815635,0.03594475581165525,0.03381907707255148,0.0317814482851892,0.029826727107833777,0.027950715007785485,0.026149116723847746,0.024418722793004652,0.022756313056986135,0.021158909659555025,0.01962371897241439,0.0181487201152128,0.016731930089364768,0.015371353493274205,0.014065583093572026,0.012813291519561844,0.011613304287215409,0.010464781640988168,0.009367348412721743,0.008320846540979816,0.00732527393524103,0.006381060661268841,0.005489146459001699,0.004651181392895553,0.003868942272676445,0.0031448749200280565,0.002482278279868347,0.0018852535768589503,0.0013587579308500177,0.0009090927854678649,0.0005435979586181627,0.0002715873251932963,0.00010446137138039324,b.f10
0.038349418465325594,0.025075181517398806,0.01619378398447533,0.01110489682909557,0.009285377961773417,0.010266801050515313,0.01363450734665134,0.01904064129031361,0.02621506218234835,0.03498149337028038,0.045267869791256354,0.057118327965526176,0.07070652208651403,0.0863419982440226,0.10447243802267311,0.1256834437995596,0.15067408103742685,0.18023711673941936,0.21519026489108883,0.2562756731179455,0.30400695730469873,0.35846338875791284,0.4190661571288007,0.4844330323746664,0.5524076330066829,0.6203298554091918,0.6854808536827056,0.7455426687681017,0.79889390656576,0.8446741981463984,0.8826594549303801,0.9130517978794276,0.9362839222582336,0.9528787846362068,0.9633605977772653,0.9682091655078802,0.9678484947797863,0.9626422546926242,0.9529068670634233,0.9389293400842996,0.9209797138982303,0.8993329097143291,0.8742940073378017,0.846211049253669,0.8154896059554402,0.7825957746635065,0.7480493025122502,0.7124099431616115,0.6762474614973581,0.6401153559598244,0.6045286142738213,0.569928288612393,0.5366713009004055,0.5050267268441364,0.475178568669156,0.44723144786760494,0.4212266728935811,0.39715303671067087,0.3749585694885157,0.35455624518446915,0.33583866486931513,0.3186836278171197,0.3029641096023635,0.28853668135119803,0.27526431869898377,0.2630101307822692,0.2516385314588645,0.2410201938726221,0.23103853203108712,0.22158051951506924,0.21254497947180434,0.2038458364971336,0.19541008465138154,0.1871763870119069,0.1791009559419319,0.17115586990313705,0.16331799863743585,0.15558184009781098,0.14795209626806155,0.14044547937123572,0.13307839000188462,0.12587594188665552,0.11886652432372981,0.112084198709569,0.10555932465862408,0.09932397250023156,0.0934051155598514,0.08783101441340913,0.08262923997209248,0.07782451032449522,0.07344123978538189,0.06951088070470793,0.0660613148768085,0.06312763703782809,0.06074187101618139,0.058948279144923975,0.05779787606074797,0.05734585637228496,0.05765586938653699,0.058797012112699915,0.060847062450389094,b.f14
0.10573387435224595,0.06795761079547542,0.05975590510639771,0.0755982808269405,0.11146239933025755,0.16418279056222929,0.2304595785558969,0.3061988297656834,0.38653237314703576,0.4665567230225298,0.5422832815384995,0.6111636941173062,0.6720542575668449,0.7248458200567396,0.7700444989327391,0.8084407936422193,0.8409041702458896,0.8682722870865167,0.8912983576660144,0.9106385651739403,0.9268473489797,0.940397347430819,0.9516830984043787,0.9610378090909618,0.9687373138997011,0.9750171218370487,0.9800785734302817,0.9840890822804939,0.9871919804330324,0.9895123182858098,0.9911531575062089,0.9922052599059048,0.992751037176957,0.9928552431678636,0.9925784110338903,0.9919667109741245,0.991069189253188,0.9899246721746263,0.9885639559691883,0.9870173892011621,0.985314478309931,0.9834756420742882,0.9815213858367272,0.979471468491669,0.9773405959405106,0.9751420078798392,0.9728885816495312,0.9705902785833552,0.9682589009994896,0.9659060880621343,0.9635374836515098,0.9611607527281945,0.9587820574007908,0.9564060420934863,0.9540395263799044,0.9516878634947282,0.9493536286939774,0.9470415880088914,0.9447522139535146,0.9424920967087062,0.9402616276798819,0.9380642114387499,0.9358981953210075,0.9337669899252002,0.9316707488142543,0.9296094771934323,0.9275848435790965,0.9255954418537263,0.923641213676944,0.9217214602014776,0.9198340066000619,0.9179796340500602,0.916154956423899,0.9143594666291662,0.9125910808953568,0.9108456796915774,0.9091224952333622,0.907418820419534,0.9057317295489087,0.9040580205445831,0.9023950409053428,0.9007387093364333,0.8990843728296694,0.897428258426025,0.8957656040412726,0.8940881651851785,0.8923895991063255,0.8906644499313907,0.8889061274742869,0.8871060141395904,0.8852573221004537,0.8833485886022163,0.8813724471876787,0.8793200059262359,0.8771820553266786,0.8749518976434786,0.8726204324797887,0.8701815183700127,0.8676306328695834,0.8649682363328419,0.8621906996272037,b.f13
0.5092897928530701,0.5475051707485893,0.5855125252856499,0.6225741789100107,0.6581236412952329,0.6917641996750262,0.7232496263606069,0.7524590040770551,0.7793708400914473,0.8040338413730487,0.8265452784160506,0.847025018224059,0.86560963341656,0.8824345397210707,0.8976304026686731,0.9113225531748913,0.923627378300407,0.9346429177511942,0.9444668181860101,0.9531810455452966,0.9608608028381026,0.9675721240525409,0.9733739063425676,0.9783170526027665,0.9824482203828647,0.985808493079845,0.9884312113956145,0.9903554234338302,0.991608336926312,0.9922117925175022,0.9921931321356601,0.9915712653350072,0.9903666325166749,0.9885989352853549,0.9862846561615615,0.9834369561927729,0.9800659725389274,0.9761844127690612,0.9718062565247696,0.966934401280121,0.9615755147977844,0.9557410197037299,0.949426448941932,0.9426396027381748,0.9353796103318961,0.9276481896215757,0.9194421399221544,0.9107587798776379,0.9015987582915158,0.8919631420509911,0.8818451412281518,0.8712467097678018,0.8601682769755364,0.8486092819812365,0.8365729984901507,0.8240589617137162,0.8110727915869109,0.7976193182639599,0.7837035437394099,0.769329453014383,0.7545058008859603,0.7392340319602444,0.7235187927511171,0.7073689713461185,0.6907860459557811,0.6737769346868488,0.6563444646781272,0.6384949952077273,0.6202340978091715,0.601571882285967,0.5825238854015585,0.5631044129283767,0.5433317196163973,0.5232355298075431,0.5028432427416756,0.4821883180220503,0.4613085307996475,0.44024259246642,0.41903283715915,0.39771871100140527,0.3763394601663084,0.3549322118796912,0.3335284252312848,0.31215562676586317,0.29083934023530544,0.2695998256187257,0.24845758457885897,0.22743522369254765,0.20656383997302602,0.18589264586752402,0.1654787702735096,0.145408828405341,0.12579696334481896,0.10677617407495162,0.08850585868744792,0.07116596619566806,0.05495414036831549,0.04007193148923996,0.026738006418986604,0.015176908154232675,0.005637957608006728,b.f17
